product_name,sku
Quart Dauber,10006
"IPS #3020 3"" Roller for MT-651 Qt. Can w/ 1 3/4"" Neck",10007
"IPS #7020 7"" Roller for MT-648 Gallon Can",10008
IPS C-65 Qt. Cleaner - Clear,10201
IPS C-65 Pt. Cleaner - Clear,10202
IPS C-65 1/4 Pt. Cleaner - Clear,10204
IPS 790 Pt. PVC Multi-Purpose Cement - Medium - Clear,10258
IPS 790 1/4 Pt. PVC Multi-Purpose Cement - Medium - Clear,10260
IPS 727 Qt. Hot 'R Cold PVC Cement - Medium Body (Clear),10841
IPS 727 Pt. Hot 'R Cold PVC Cement - Medium Body (Clear),10842
"IPS #6020 4"" Roller for MT-651 Qt. Can",11957
"IPS #5020 4"" Swab for MT-651 Qt. Can w/ 1 3/4"" Neck",12071
IPS 735 Qt. PVC Wet N Fast Blue Cement,12495
IPS 735 Pt. PVC Wet N Fast Blue Cement,12496
IPS 780 1/4 Pt. PVC Cement - Regular - Clear,14004
IPS 781 Gallon PVC Cement - Medium - Clear,14005
IPS 781 Qt. PVC Cement - Medium - Clear,14006
IPS 781 Pt. PVC Cement - Medium - Clear,14007
IPS 782 Qt. PVC Cement - Heavy Body -  Medium Setting (Gray),14021
IPS 782 Pt. PVC Cement - Heavy Body -  Medium Setting (Gray),14022
IPS Gallon Plumbing Primer - Purple - NSF Listed,14024
IPS Quart Plumbing Primer - Purple - NSF Listed,14025
IPS Pint Plumbing Primer - Purple - NSF Listed,14026
IPS Gallon Plumbing Primer - Clear - NSF Listed,14029
IPS Quart Plumbing Primer - Clear - NSF Listed,14030
IPS Pint Plumbing Primer - Clear - NSF Listed,14031
IPS 2 oz. Tube Pipe Joint Compound w/Teflon (White Seal),80200
"6"" x 6"" PVC Bell Trap Drain",82320
"9"" x 9"" PVC Bell Trap Drain",82330
"Adjustable General Purpose Drains w/ 6"" Cover",85895
"Adjustable Cleanout w/ 6"" Cover",85905
"Snap-In Drain for 2"" PVC Schedule 40 DWV Pipe",85940
"Snap-In Drain for 3"" PVC Schedule 40 DWV Pipe",85950
"3"" Snap-In Drains with Stainless Steel Strainer",85951
"Snap-In Drain for 4"" PVC Schedule 40 DWV Pipe",85960
"4"" Snap-In Drains with Stainless Steel Strainer",85961
IPS 1/2 Pt. Pipe Joint Compound w/Teflon w/Brush (White Seal),87730
IPS Pt. Pipe Joint Compound w/Teflon w/Brush (White Seal),87735
