sku,item_description,upc
11050,FOAMCORE 1GAL,021449110501
11060,D-FACTOR 1GAL,021449110600
11070,COIL-CURE 18OZ NET WT,021449110709
11072,Coil-Cure Liquid Quart,021449110723
11074,Coil-Cure Liquid Gallon,
11600,WIRE SN EMPTY CS W/FOAM INSERT,021449116008
14000,1.7 OZ REGULAR PASTE FLUX-48 P,052541140004
14002,1.7 OZ REGULAR PASTE FLUX- 144,021449140027
14010,4 OZ REGULAR PASTE FLUX,052541140103
14020,8 OZ REGULAR PASTE FLUX -TOOL,052541140202
14030,1 LB REGULAR PASTE FLUX,052541140301
14115,8 OZ 95/5 PRE-TINNING PASTE FL,052541141155
14720,8 OZ COLD WEAT'R PASTE FLUX-TO,052541147201
14730,1 LB COLD WEATHER PASTE FLUX,052541147300
14820,8 OZ HOT WEATHER PASTE FLUX,052541148208
14830,1 LB HOT WEATHER PASTE FLUX,052541148307
17432,PT CANS RECTORSEAL NO7,021449174329
19015,PERSONAL FACEMASK,021449190152
19016,FACEMASK FILTER KIT 10PK,021449190169
19051,NO. 2 ACID BRUSH,021449190510
19054,"1"" FITTING BRUSH  PLASTIC",021449190541
19068,"3/8"" X 6"" ACID BRUSH",021449190688
19073,PVC CEMENT SWAB APPLICATOR,021449190732
19078,"3/4"" X 7"" ACID BRUSH",021449190787
19233,"1"" FITTING BRUSH  STAINLESS",021449192330
19235,"1-1/4"" FITTING BRUSH  STAINLES",021449192354
19239,"2"" FITTING BRUSH  STAINLESS",021449192392
19240,"2"" FITTING BRUSH  CARBON",021449192408
23195,5 GAL PL INTERNATL T PLUS 2,021449231954
23391,QT CANS T PLUS 2 - BRUSH TOP,021449233910
23431,PT CANS T PLUS 2,021449234313
23551,1/2 PT CANS T PLUS 2,021449235518
23552,1/2 PT CANS T PLUS 2  - 8PK,021449235518
23631,1/4 PT CANS T PLUS 2,021449236317
23633,1/4 PT CANS T PLUS 2 - 12PK,021449236317
23710,1-3/4 OZ TUBE T PLUS 2 - DISPL,021449237109
25271,GAL CANS RECTORSEAL #5,021449252713
25300,QT CANS RECTORSEAL #5 W/ BRUSH,021449253000
25431,PT CANS RECTORSEAL #5,021449254311
25551,1/2 PT CANS RECTORSEAL #5,021449255516
25631,1/4 PT CANS RECTORSEAL #5,021449256315
25633,1/4 PT CANS RECTORSEAL#5-12PK,021449256315
25790,1-3/4 OZ TUBES RECTORSEAL #5-D,021449257909
25793,1 3/4 OZ TUBE #5 12 PK DISPLY,021449257930
26112,55 GAL DRUMS RECTORSEAL #5 SPE,021449261128
26390,QT CANS RECTORSEAL #5 SPECIAL,021449263900
26431,PT CANS RECTORSEAL #5 SPECIAL,021449264310
26551,1/2 PT CANS RECTORSEAL #5 SPEC,021449265515
27460,QT CANS RECTORSEAL #5 SUB-ZERO,021449274609
27541,PT CANS RECTORSEAL #5 SUB-ZERO,021449275415
27651,1/2 PT CANS RECTORSEAL #5 SUB-,021449276511
27731,1/4 PT CANS RECTORSEAL #5 SUB-,021449277310
28541,PT CANS BLACK JACK 21,021449285414
28651,1/2 PT CANS BLACK JACK 21,021449286510
31300,QT CANS TRU-BLU - B/T,021449313001
31431,PT CANS TRU-BLU,021449314312
31433,PT CAN RECTORSEAL BLUE+,021449314336
31551,1/2 PT CANS TRU-BLU,021449315517
31553,1/2 PT CAN RECTORSEAL BLUE+,021449315531
31630,1/4 PT CANS TRU-BLU (12PK),021449316316
31631,1/4 PT CANS TRU-BLU,021449316316
31633,1/4 PT CAN RECTORSEAL BLUE+,021449316330
31780,1-3/4 OZ TUBE TRU-BLU-DISPLAY,021449317801
35942,1/2 X 260 RECTORSEAL PTFE TAPE,021449359429
35943,1/2 X 520 RECTORSEAL PTFE TAPE,021449359436
35944,1/2 X 1296 RECTORSEAL PTFE TAP,021449359443
35945,3/4 X 260 RECTORSEAL PTFE TAPE,021449359450
35946,3/4 X 520 RECTORSEAL PTFE TAPE,021449359467
35947,3/4 X 1296 RECTORSEAL PTFE TAP,021449359474
35949,1 X 520 RECTORSEAL PTFE TAPE,021449359498
40500,14 OZ GOJO ORIGINAL 1109,073852011098
40507,14 OZ GOJO ORANGE LOTION 0957,073852009477
45004,4 OZ BOTTLE RECTORSEAL ACID AW,021449450041
45006,ACID DETECTOR FOR POE,021449450065
45009,4 OZ BTLE ACID-AWAY FOR POE OI,021449450096
45016,ACID AWAY PRO 1.5 OZ,021449450164
45110,ACID AWAY POE INTERNATIONAL,021449451109
45301,LEAK FREEZE-R 0.5 OZ CARTRIDGE,021449453011
45302,LEAKFREEZE-R 0.5 OZ CLAM SHELL,021449453028
45308,LEAK FRZ .5 OZ MINISPLIT W/ UV,021449453080
45309,LEAK FREEZE .5 OZ MINISPLIT,021449453097
45311,LEAK FREEZE 1.5 OZ CARTRIDGE,021449453110
45312,"LEAK FRZ 1.5OZ CSH 1/4""ADAPTER",021449453127
45316,LEAK FREEZE PRO NANO 1.5 OZ,021449453165
45317,LF 1.5OZ PRO NANO W/ MAG FRST,021449453172
45318,LEAK FRZ 1.5 OZ PRO NANO W/UV,021449453189
45321,LEAK FRZ 1.5OZ CTG/MAGIC FROST,021449453219
45322,"LK FRZ 1.5OZ 1/4""ADP/MAGIC FRS",021449453226
50219,QTC250 FIBERGLASS TIE CD 350',021449502191
50241,ARC SLEEVE 500/700 3 FT LONG,021449502412
50250,5GAL MC C70 CABLE COATING GREY,021449502504
50253,5 GAL MC C70 CABLE COATING WHT,021449502535
50811,2 OZ PLUMBERS GREASE,021449508117
55705,"PT PRIMER ""BILL PR-3""",021449557054
55707,"QT PRIMER ""BILL PR-3""",021449557078
55901,1/4 PT PVC GENE 404L LOW VOC,021449559010
55902,1/2 PT PVC GENE 404L LOW VOC,021449559027
55904,PT REG PVC GENE 404L LOW VOC,021449559041
55906,QT REG PVC GENE 404L LOW VOC,021449559065
55908,GA REG PVC GENE 404L LOW VOC,021449559089
55910,1/4 PT P PRMR JIM PR1L LOW VOC,021449559102
55912,1/2 PT P PRMR JIM PR1L LOW VOC,021449559126
55914,PT PRL PRIMER JIM PR1L LOW VOC,021449559140
55916,GA MED PVC PETE 602L LOW VOC,021449559164
55918,QT PRL PRIMER JIM PR1L LOW VOC,021449559188
55919,PT MED PVC ARCTIC 616L LOW VOC,021449559195
55920,GA PRL PRIMER JIM PR1L LOW VOC,021449559201
55922,1/4 PT PVC PETE 602L LOW VOC,021449559225
55924,1/2 PT PVC PETE 602L LOW VOC,021449559249
55926,PT MED PVC PETE 602L LOW VOC,021449559263
55928,QT MED PVC PETE 602L LOW VOC,021449559287
55929,1/4 PT CLR SAM CL-3L LOW VOC,021449559294
55930,1/2 PT CLR SAM CL-3L LOW VOC,021449559300
55932,PT CLEANER SAM CL-3L LOW VOC,021449559324
55934,QT CLEANER SAM CL-3L LOW VOC,021449559348
55936,GA CLEANER SAM CL-3L LOW VOC,021449559362
55938,1/4 PT JOHN ABS 647L LOW VOC,021449559386
55940,1/2 PT ABS JOHN 647L LOW VOC,021449559409
55942,PT MED ABS JOHN 647L LOW VOC,021449559423
55944,QT MED ABS JOHN 647L LOW VOC,021449559447
55948,QT MED PVC ARCTIC 616L LOW VOC,021449559485
55951,1/2PT HV PVC GOLD 844L LOW VOC,021449559515
55952,PT HVY PVC GOLD 844L LOW VOC,021449559522
55953,GA MED PVC ARCTIC 616L LOW VOC,021449559539
55954,QT HVY PVC GOLD 844L LOW VOC,021449559546
55955,GA HVY PVC GOLD 844L LOW VOC,021449559553
55956,1/4PT RG CPVC CHR 412L LOW VOC,021449559560
55957,1/2PT RG CPVC CHR 412L LOW VOC,021449559577
55961,PT HVY PVC HOMER 828L LOW VOC,021449559614
55963,QT HVY PVC HOMER 828L LOW VOC,021449559638
55964,GA HVY PVC HOMER 828L LOW VOC,021449559645
55967,PT Heavy-Duty 811L,021449559676
55968,QT Heavy-Duty 811L,021449559683
55969,1/4 PT MULTI MIKE 425L LOW VOC,021449559690
55970,1/2 PT MULTI MIKE 425L LOW VOC,021449559706
55971,GA Heavy-Duty 811L,021449559713
55972,PT CLR PRIMR PR-2L LOW VOC,021449559720
55973,PT MED MULTI MIKE 425L LOW VOC,021449559737
55974,QT MED MULTI MIKE 425L LOW VOC,021449559744
55979,GA PVC CONDUIT 633L WIDE MOUTH,021449559799
55980,1/2 PT PVC CONDIT 633L LOW VOC,021449559805
55981,QT CLR PRIMR PR-2L LOW VOC,021449559812
55982,GA CLR PRIMR PR-2L LOW VOC,021449559829
55983,PT MED PVC CONDIT 633L LOW VOC,021449559836
55985,QT MED PVC CONDIT 633L LOW VOC,021449559850
55988,1/4 PT PVC HOT 203L LOW VOC,021449559881
55989,1/2 PT PVC HOT 203L LOW VOC,021449559898
55990,PT MED PVC HOT 203L LOW VOC,021449559904
55992,1/2 PT DURA-GOLD 627L LOW VOC,021449559928
55993,QT MED PVC HOT 203L LOW VOC,021449559935
55994,GA MED PVC HOT 203L LOW VOC,021449559942
55996,QT MED PVC CDT 633L GR LOW VOC,021449559966
55998,PT RS DURA-GOLD 627L LOW VOC,021449559980
57500,10.1 OZ HI-TEMP SILICONE SEAL,021449575003
57505,SILICONE CAULK WHITE,021449575058
57506,SILICONE CAULK CLEAR,021449575065
60273,GAL BOTLS RECTORSEEK M-T,021449602730
61273,GAL BOTLS RECTORSEEK L-T,021449612739
61720,10 YARD SANDCLOTH REGULAR,052541617209
65273,GAL BOTTLE BETTER BUBBLE,021449652735
65432,32 OZ BOTTLE BETTER BUBBLE,021449654326
65554,8 OZ BOTTLE BETTER BUBBLE,021449655545
66015,30 OZ CART MC 1200 CAULK GRADE,021449660150
66018,"[BS]2MMX.5""X82' W/ADH 4X SIDE",021449660181
66019,5 GAL PAILS METACAULK 835+,021449660198
66021,"BLAZE FOAM 5/8"" X 1"" 4 FT PCS",021449660211
66024,"BLAZE FOAM 5/8""X1.5"" 4 FT PCS",021449660242
66025,"[BS] 2MM X 1.75"" X 82' NO ADH",021449660259
66026,"[BS] 2MM X 2.25"" X 82' NO ADH",021449660266
66028,"[BS]2MMX4.25""X82'W/ADH 4X SIDE",021449660280
66032,[BS] 1.5MM X 14MM X 25M(20/CS),021449660327
66033,"[BS] 2MMX2.25""X82' W/ADH 4X SD",021449660334
66034,"[BS]2MMX3.25""X82'W/ADH 4X SIDE",021449660341
66035,[BS]2MMX1.75X82' W/ADH 4X SIDE,021449660358
66040,"BS] 2MMX2""X82' W/ADH 4X SIDE",
66048,"[BS]2MM X 1"" X 82' W/ADH 12/CS",021449660488
66051,"[BS] 2MM X 1"" X 82'NO ADHESIVE",021449660518
66053,"[BS]2MMX1""X82' W/ADH 4X SIDE",021449660532
66054,[BS]2MMX1.25X82' W/ADH 4X SIDE,021449660549
66056,"[BS]2MMX2.5""X82' W/ADH 4X SIDE",021449660563
66059,"[BS] 2MM X 1.25"" X 82' NO ADH",021449660594
66064,[BS] 2MMX317MMX25M W/ADH(1/CS),021449660648
66065,[BS] 2MMX20MMX25M W/ADH(12/CS),021449660655
66070,[BS] 2MMX20MMX25M  12/CS,021449660709
66074,[BS]1.5MMX10MMX12.5M W/ADH BLK,021449660747
66091,"UNIVERSAL COLLAR 2"" X 50' ROLL",021449660914
66095,"UNIVERSAL COLLAR 1"" X 50' ROLL",021449660952
66098,"[BS]2MMX3/4""X82' W/ADH 4X SIDE",021449660983
66112,"BACKER ROD - 1"" X 75'",021449661126
66114,10.3 OZ CAULKING GUN,021449661140
66115,30 OZ CAULKING GUN,021449661157
66116,SAUSAGE PACK CAULK GUN 620AL,021449661164
66117,PLASTIC CONE FOR SAUSAGE GUN,021449661171
66142,[BS]2MMX12.7MMX25M W/ADH 24/CS,021449661423
66156,"[BS] 1.5MMX.5""X21' W/ADH 12/CS",
66214,[BS]2.0MMX15MMX25M (20/CS),021449662147
66215,"[BS]1.5MMX5/8""X82' W/ADH 4X SD",021449662154
66233,"[BS] 1.5MM X 5/8"" X 82' W/ADH",021449662338
66234,"METACAULK 1.5""X36' WRAP STRIP",021449662345
66265,MC COVER GUARD SINGLE DECOR,021449662659
66266,MC COVER GUARD DOUBLE DECOR,021449662666
66270,MC COVER GUARD DBL GANG RECPT,021449662703
66272,MC COVER GUARD SGL GANG RECPT,021449662727
66274,MC COV GUARD DBL GANG SWITCH,021449662741
66276,MC COV GUARD SGL GANG SWITCH,021449662765
66292,20.2 OZ SAUSAGES MC 1200,021449662925
66294,20.2 OZ SAUSAGE MC 1200 WHITE,021449662949
66295,5GA MC 835+ SILICONE SPRY,021449662956
66300,20.2 OZ MC835+ CLK GRADE SAUSG,021449663007
66301,20.2 OZ MC835+ SELF LEVEL SAUS,021449663014
66303,30 FL OZ CART METACAULK 1000,021449663038
66309,5 GAL PAILS METACAULK 1000,021449663090
66312,20.2 OZ METACLK 1000 SAUSAGES,021449663120
66320,METACAULK COMPOSITE SHEET,021449663205
66334,45 LB. METACAULK FRM MORTAR,021449663342
66335,"METACAULK FRP 7"" X 7"" PADS",021449663359
66340,"METACAULK FRP 6"" X 7"" PADS",021449663403
66345,METACAULK FRP STICKS,021449663458
66350,"3"" METACAULK FS COLLAR",021449663502
66351,"4"" METACAULK FS COLLAR",021449663519
66352,"1-1/2"" METACAULK FS COLLARS",021449663526
66353,"2"" METACAULK FS COLLAR",021449663533
66354,"6"" METACAULK FS COLLAR",021449663540
66361,"ACOUSTIC FOAM 5/8"" X 1.5"" X 4'",021449663618
66362,METACAULK FIRE STOP PILL 2X9X6,021449663625
66363,METACAULK FIRE STOP PILL 3X9X6,021449663632
66366,METACAULK BOX GUARD (SINGLE),021449663663
66367,METACAULK BOX GUARD (DOUBLE),021449663670
66369,"METACAULK BOX GRD 4 11/16"" BOX",021449663694
66379,5 GAL PAIL METACAULK 1200 SPRA,021449663793
66383,30 OZ METACAULK MC150+,021449663830
66385,20.2 OZ METCLK MC150+ SAUSAGES,021449663854
66386,5 GAL MC1200 CAULK GRADE WHITE,021449663861
66387,5 GAL PAIL MC1200 CAULK GRADE,021449663878
66389,5 GAL PAIL METACAULK MC150+,021449663892
66408,10.3 OZ METACAULK RS136 12PK,021449664080
66424,METACAULK 150+ GRY 20OZSAUSAGE,021449664240
66425,METACAULK 150+ GRAY 5 GALLON,021449664257
66440,"1"" X 18' METACAULK WRAP STRIP",021449664400
66441,"1"" X 36' METACAULK WRAP STRIP",021449664417
66442,"2"" X 18' METACAULK WRAP STRIP",021449663588
66443,"2"" X 36' METACAULK WRAP STRIP",021449664431
66475,PUTTY PADS 9X9,021449664752
66525,30OZ CART MC1200 WHT CAULK GRD,021449665254
66527,5 GAL MC 1200 WHITE SPRAY,021449665278
66550,"[BS] 1.5MMX1""X82' W/ADH 12/CS",021449665506
66555,"[BS]1.5MMX1/2""X82' W/ADH 24/CS",021449665551
66558,[BS]1.5MMX20MMX25M W/ADH 18/CS,021449665582
66564,[BS]1.5MMX10MMX25M W/ADH 30/CS,021449665643
66582,"MC 68 INT SLEEVE 6""(+)8""",021449665827
66584,"MC 234 INT SLEEVE 2""3""4""",021449665841
66611,20.2 OZ METACLK 350I SAUSAGES,021449666114
66613,5 GAL PAILS METACAULK 350I,021449666138
66616,10.3 OZ METACAULK 350I,021449666169
66640,10.3 OZ METACAULK 1000,021449666404
66643,10.3 OZ METACAULK 950 12PK,021449666435
66645,10.15 OZ CART MC 835+ 12PK,021449666459
66648,10.3 OZ METACAULK 150+ 12PK,021449666480
66650,METACAULK SAS SPRAY 5 GAL,021449666503
66652,METACAULK SAS CLK 20 OZ,021449666527
66687,1/2 X 520 RECTORSEAL PTFE100,021449666879
66688,1/2 X 260 RECTORSEAL PTFE100,021449666886
66689,YELLOWTAPE RECTORSEAL PTFE 100,021449666893
66700,"MC JOINT STRIP 1"" X 82'",021449667005
66701,"MC JOINT STRIP 1 1/2""X82'",021449667012
66702,"MC JOINT STRIP 2.5""X82'",021449667029
66703,"MC JOINT STRIP 3"" X 82'",021449667036
66704,"MC JOINT STRIP 2""X82",021449667043
66705,"MC JS 4""X82' W/ADH 4X SIDE",021449667050
66731,"RS NOKINK 1/4"" X 3' FLEX HOSE",021449667319
66732,"RS NOKINK 3/4"" X 3' FLEX HOSE",021449667326
66733,"RS NOKINK 3/8"" X 3' FLEX HOSE",021449667333
66734,"RS NOKINK 7/8"" X 3' FLEX HOSE",021449667340
66735,"RS NOKINK 5/8"" X 3' FLEX HOSE",021449667357
66737,"RS NOKINK 1/2"" X 3' FLEX HOSE",021449667371
67202,"2"" FIRESTOP CAST IN DEVICE",021449672023
67203,"3"" FIRESTOP CAST IN DEVICE",021449672030
67204,"4"" FIRESTOP CAST IN DEVICE",021449672047
67206,"6"" FIRESTOP CAST IN DEVICE",021449672061
67212,"2"" Metacaulk CID Tub Box",021449672122
67213,"3"" Metacaulk CID Tub Box",021449672139
67222,"2"" CID DECK ADAPTER KIT",021449672221
67223,"3"" CID DECK ADAPTER KIT",021449672238
67224,"4"" CID DECK ADAPTER KIT",021449672245
67226,"6"" CID DECK ADAPTER KIT",021449672269
67232,"2"" CID HEIGHT EXTENSION",021449672320
67233,"3"" CID HEIGHT EXTENSION",021449672337
67234,"4"" CID HEIGHT EXTENSION",021449672344
67236,"6"" CID HEIGHT EXTENSION",021449672368
68115,A/C PAN TREATMENT TABLETS,021449681155
68117,A/C PAN TREAT 6PK (30 TABLETS),021449681179
68231,"RS NOKINK 1/4"" X 6' FLEX HOSE",021449682312
68233,"RS NOKINK 3/8"" X 6' FLEX HOSE",021449682336
68235,"RS NOKINK 5/8"" X 6' FLEX HOSE",021449682350
68237,"RS NOKINK 1/2"" X 6' FLEX HOSE",021449682374
68342,14 OZ SOOTSPRAY AEROSOL,687598032004
68442,MAGNE-PATCH,687598023002
68512,LB ODORGON POWDER,687598041006
68514,2 LB ODORGON POWDER,687598041020
68516,14 OZ ODORGON AEROSOL SP,687598040504
68707,1 Gallon Calci-flush,
68708,CALCI-FREE TNKLESS WTR HTR CLR,021449687089
68711,CALCI-FREE FLUSH KIT,021449687119
68712,QT 8-WAY,687598130908
68714,GAL 8-WAY,021449687140
68732,STEAMASTER TAB,687598131905
68742,5.3 OZ SURGEMASTER,687598132100
68752,1 1/2 OZ SURGEX CONCENTRATE,021449687522
70265,BF MULTI FRAME XL B9731,021449702652
70267,BF MULTI FRAME XL EXT B9732,021449702676
70268,BF MULTIFRMEXL LNGSTUD B9731/1,021449702683
70269,BF MULTIFRMXL EXT LSTUDB9732/1,021449702690
71431,1 LB MOLY-RICH,021449714310
72000,12 OZ GULFCOAT CIRCUIT SHIELD,021449720007
72001,12 OZ COIL-CURE AM COATING,021449720014
72841,1 LB COPPER-RICH,021449728416
72851,8 OZ COPPER-RICH,021449728515
73012,12 OZ LETS-GO AEROSOL,687598090509
73431,1 LB CANS BREAK-OUT,021449734318
73551,8 OZ CANS BREAK-OUT,021449735513
73831,1 LB NICKEL-RICH,021449738316
73851,8 OZ NICKEL-RICH,021449738514
73861,12 OZ AEROSOL BREAK-OUT,021449738613
73931,1 LB FOOD-GRADE ANTI-SEIZE LUB,021449739313
74025,12 OZ C-FLUX - 24 PAK,021449740258
74026,3 OZ C-FLUX - 48 PAK,021449740265
74046,16 OZ NOKORODE AQUA FLUX,021449740463
74047,4 OZ NOKORODE AQUA FLUX,021449740470
79001,2X24X48 SAFING 10PK MINERALWL,021449790017
80391,QT LIQUID DRAIN,021449803915
80400,12 OZ GULFCOAT AEROSOL CLEAR,021449804004
80401,12 OZ GULFCOAT AEROSOL BLUE,021449804011
80406,1 GAL GULF CLEAN COIL CLEANER,021449804066
80408,1 GAL GULF CLEAN SALT REDUCER,021449804080
81394,2 LB BOTTLE ROOT DESTROYER,021449813945
81834,8X8 4 WAY GRILLE ONLY,021449818346
81880,1 LB DUCT SEAL COMPOUND,021449818803
81881,5 LB DUCT SEAL COMPOUND,021449818810
81901,"6"" RND GRILLE/DAMPR/BOX 4 5 6""",021449819015
81902,"6X6 2WAY GRILL/DMPR/BOX 4 5 6""",021449819022
81903,"6X6 3WAY GRILL/DMPR/BOX 4 5 6""",021449819039
81904,"6X6 4WAY GRILL/DMPR BOX 4 5 6""",021449819046
81905,"6X6 EXH/RET GRIL/DMPR/BX4 5 6""",021449819053
81906,"EXH/RET GRL/BOX NO DMPR 4 5 6""",021449819060
81908,"6X6 ANTQ GRL/DMPR/BX 4 5 6""BLK",021449819084
81909,"8X8 ANTQ GRL/DMPR/BX 6 7 8""WHT",021449819091
81911,"8"" RND GRILLE/DAMPR/BOX 6 7 8""",021449819114
81912,"8X8 2WAY GRILL/DMPR/BOX 6 7 8""",021449819121
81913,"8X8 3WAY GRILL/DMPR/BOX 6 7 8""",021449819138
81914,"8X8 4WAY GRLL/DMPR BOX 6/7/8""",021449819145
81915,"8X8 EXH/RET GRIL/DMPR/BX6 7 8""",021449819152
81916,"EXH/RET GRL/BOX NO DMPR 6 7 8""",021449819169
81918,"8X8 ANTQ GRL/DMPR/BX 6,7,8""BLK",021449819183
81919,"6X6 ANTQ GRL/DMPR/BX 4 5 6""WHT",021449819190
81943,8X8 3 WAY GRILLE W/ DAMPER,021449819435
81944,8X8 4 WAY GRILLE W/DAMPER,021449819442
81954,"24""ROUGH-IN FLANG SMALL 7""HOLE",021449819541
81955,"16""ROUGH-IN FLANG SMALL 7""HOLE",021449819558
81963,"9 1/4""HOLE DROP CEILING FLANGE",021449819633
81964,"24""ROUGH-IN FLANGE 9 1/4"" HOLE",021449819640
81965,"16""ROUGH-IN FLANGE 9 1/4"" HOLE",021449819657
81966,MULTI-SIZE REGISTER BOX (6X6),021449819664
81968,MULTI-SIZE REGISTER BOX (8X8),021449819688
81970,MULTI-SIZE REGISTER BOX(10X10),021449819701
81980,LINESHOT AC DRAIN LINE FLUSH,021449819800
81981,LINESHOT CO2 CARTRIDGE 12PK,021449819817
82112,RS PIPE REPAIR KIT - 12 PK,021449821124
82400,TURBO KLEEN SOLUTION PINTS,021449824002
82450,TURBO KLEEN SOLUTION GALLON,021449824507
82500,TURBO KLEEN KIT,021449825009
82560,DESOLV CLEANING KIT FOR DMSS,021449825603
82561,16 OZ DESOLV ARSL CL CLNR DMSS,021449825610
82562,DESOLV KIT REPLACEMENT BAGS,021449825627
82563,DESOLV KIT NO CLEANER,021449825634
82564,DESOLV KIT NO CLEANER NO PAIL,021449825641
82566,GAL DESOLV COILCLNR DMSS 4PACK,021449825658
82612,GAL COIL-RITE,021449826129
82632,GAL FOAM-A-COIL,021449826327
82640,12 OZ FOAM-A-COIL AEROSOL,687598051807
82642,14 OZ ZIPP AEROSOL,687598053009
82644,RENEWZ BRITE BLUE,021449826440
82645,12 OZ ZIPP-II AEROSOL,021449826457
82649,RENEWZ BROWN 1GAL,021449826495
82651,CON COIL 1GAL,021449826518
82700,"GON 2"" GLUE ON NOZZLE & ESCUTC",021449827003
82701,"GON 2"" GON & ESC 2 Pack",021449827010
82702,"GON 3"" GON & ESC 2 Pack",021449827027
82703,"GON 3"" GLUE ON NOZZLE & ESCUTC",021449827034
82704,"GON 4"" GON & ESCUTC 2 Pack",021449827041
82705,"GON 6"" GON & ESCUTC 2 Pack",021449827058
82706,"GON 4"" GLUE ON NOZZLE & ESCUTC",021449827065
82707,"GON 8"" GON & ESCUTC 2 Pack",021449827072
82708,"GON 6"" GLUE ON NOZZLE & ESCUTC",021449827089
82710,"GON 8"" GLUE ON NOZZLE & ESCUTC",021449827102
82713,"GON 10"" GLUE ON NOZZLE & ESCUT",021449827133
82715,"GON 12"" GLUE ON NOZZLE & ESCUT",021449827157
82720,"GON 2"" BIRD SCREEN",021449827201
82723,"GON 3"" BIRD SCREEN",021449827232
82725,"GON 4"" BIRD SCREEN",021449827256
82727,"GON 6"" BIRD SCREEN",021449827270
82730,"GON 8"" BIRD SCREEN",021449827300
82733,"GON 10"" BIRD SCREEN",021449827331
82735,"GON 12"" BIRD SCREEN",021449827355
82743,"GON 3"" ESCUTCHEON ONLY",021449827430
82745,"GON 4"" ESCUTCHEON ONLY",021449827454
82748,"GON 6"" ESCUTCHEON ONLY",021449827485
82751,"GON 8"" ESCUTCHEON ONLY",021449827515
82763,"DURAGON 3""NOZZLE & ESCUTCHEON",021449827638
82764,"DURA GON 4""NOZZLE & ESCUTCHEON",021449827645
82766,"DURA GON 6""NOZZLE & ESCUTCHEON",021449827669
82860,pH-PRO 220K Neutralizer Tube,021449828604
82861,pH-PRO 220K VERTICAL TUBE,021449828611
82862,pH-PRO 300K NEUTRALIZER TUBE,021449828628
82863,pH-PRO 600K NEUTRALIZER TUBE,021449828635
82870,pH-PRO NSP50 REFILL KIT,021449828703
82871,pH-PRO NT220 REFILL KIT,021449828710
82872,pH-PRO NT2H300B REFILL KIT,021449828727
82873,pH-PRO NT4H600 REFILL KIT,021449828734
82880,pH-PRO NEUTRALIZER PUMP,021449828802
83000,"1/4"" BRAIDED TUBING 50'",021449830003
83001,"1/2"" DRAIN HOSE 164' STANDARD",4518301055040
83002,"5/8"" DRAIN HOSE 164' STANDARD",4518301055026
83003,"5/8"" DRAIN HOSE 20' STANDARD",021449830034
83004,"5/8"" DRAIN HOSE 164' OUTDOOR",4518301055064
83005,"5/8"" DRAIN HOSE 65'SMOOTH BORE",021449830058
83011,"1/2"" DRAIN HOSE 65ft INSULATED",4518301051691
83012,"3/4"" DRAIN HOSE 65' INSULATED",4518301057570
83013,"1"" DRAIN HOSE 65' INSULATED",4518301057587
83016,"3""X70' NON ADHESIVE TAPE",021449830164
83017,"3""X5""-7"" FLEX WALL SLEEVE",021449830171
83020,"1/2""/5/8""TO 3/4""PVC PIPE ADAPT",4518301052063
83021,"1/2"" DRAIN HOSE COUPLER INSLTD",4518301051639
83023,"3/4"" DRAIN HOSE COUPLER INSLTD",4518301057679
83024,"3/4""HSE TO 3/4"" PVC PIPE ADAPT",4518301057730
83031,DSH 14C INSL AC HOSE ADPT CPLG,4518301051592
83032,TITAN INSUL ROLL 120FT 5/8X1/2,021449830324
83033,TITAN INSUL ROLL 60FT 5/8X3/4,021449830331
83034,TITAN INSUL ROLL 75FT 3/4X1/2,021449830348
83035,TITAN INSUL ROLL 60FT 3/4X3/4,021449830355
83036,TITAN INSUL ROLL 75FT 7/8X1/2,021449830362
83037,TITAN INSUL ROLL 50FT 7/8X3/4,021449830379
83040,CORK INSULATION TAPE,021449830409
83041,FOAM INSULATION TAPE,021449830416
83113,"EZT113 3/4""CRS TRP KIT NO BRSH",021449831130
83114,"EZT113B 3/4""CRS TRP KIT W/BRSH",021449831147
83150,"EZT150 WTRLESS TRAP 3/4""-1""",021449831505
83180,EZT180 TRAP FOR MINISPLITS,021449831802
83205,"EZT205 3/4""TRAP /SWITCH 3""DEEP",021449832052
83210,"EZT210 3/4"" TRAP/SWITCH 1""DEEP",021449832106
83224,"EZT224 OV SWITCH 3/4""MALE THRD",021449832243
83225,"EZT225 INLINE O SWITCH 3/4""&1""",021449832250
83226,"EZT226 OVRFL SWITCH 3/4""FEMALE",021449832267
83230,"EZT230 3/4""NC SCREW CAP TRAP U",021449832304
83406,EZT406 FLEXIBLE CLEANING BRUSH,021449834063
83410,ALL ACCESS CLEANOUT AA1,021449834100
83411,ALL ACCESS FLOAT SWITCH AA1-FS,021449834117
83412,ALL ACCESS FLOAT SWITCH AA2-FS,021449834124
83413,ALL ACCESS FLOAT SWITCH AA3,021449834131
83414,ALL ACCESS AA1 INSULATION,021449834148
83415,ALL ACCESS FLUSH TOOL,021449834155
83416,ALL ACCESS AA4P PLENUM RATED,021449834162
83417,ALL ACCESS AA2P PLENUM RATED,021449834179
83418,ALL ACCESS A/C DRAIN PUMP,021449834186
83554,11 OZ TUBE RECTORSHIELD,021449835541
83561,1/2 LB HOT BLOCK 6PK,021449835602
83562,1/2 LB COOL BRAZE 6PK,021449835626
83626,EZT626 COMBO PAK EZT113 EZT226,021449836265
83780,20 OZ AEROSOL CLEAN -N- SAFE,021449837804
83785,GAL CLEAN-N-SAFE,021449837859
83809,MINI AQUA PUMP KIT 100-250V,021449838092
83811,MINI AQUA 115V SILENT PLUS,021449838115
83812,MINI AQUA 230V SILENT PLUS,021449838122
83831,MAXI LM FT PMP KIT 230V/WH DCT,021449838313
83834,MAXI LIME PUMP KT 115V NO DUCT,021449838344
83835,MAXI LIME PUMP KT 230V NO DUCT,021449838351
83849,MN LM SL PMP KIT UNIVOLT/IV DT,021449838498
83859,MINI-LIME FTRS UNI PMP W/WH DT,021449838597
83861,MN LM FD 230V SLNT(+)PMP/WH DT,021449838610
83869,MINI LIME UNIVOLT PUMP NO DUCT,021449838696
83885,TANK PUMP 15' 110 VOLTS,021449838856
83887,TANK PUMP 24' 110 VOLTS,021449838870
83888,TANK PUMP 24' 230 VOLTS,021449838887
83893,"5/8"" PRE-FILTER 3PK",021449838931
83909,MINI ORNG UNIV PUMP 100-250V,021449839099
83911,MINI ORANGE 115V SILENT PLUS,021449839112
83912,MINI ORANGE 230V SILENT PLUS,021449839129
83919,MAXI ORNG UNIV PUMP 100-250 V,021449839198
83930,ASPEN SILENT+ Mini White Pump,021449839303
83939,MINI WHITE PUMP KIT 100-250V,021449839396
83941,MINI TANK PUMP 230 VOLT,021449839419
83943,Aspen Pump M4R Tank Pump,021449839433
83945,Aspen Pumps M4R Tank Pump,021449839457
83946,Aspen Pumps M4R 230 V (17 ft),021449839464
83951,TANK PUMP ASPEN M4 17' 230V,021449839518
83967,ASPEN XTRA SMALL COUNTER STAND,021449839679
83968,ASPEN XTRA MEDIUM FLOOR STAND,021449839686
83971,"5/8""X1""PUMP TO DRAIN CONNECTR",021449839716
83972,"5/8""X1 1/4""PUMP TO DRAIN CNCTR",021449839723
83976,"3/4""X1-1/4"" CASSET/DRAIN CNCTR",021449839761
83977,"3/4""X5/8"" PIPE-CNECTR 10 pack",021449839778
83991,"3/4"" X 3/8"" OR 1/4"" HOSE",021449839914
83994,SIZE 2 PIPE CLIPS 5 PACK,021449839945
83999,ASPEN XTRA TOOL BOX,021449839990
84000,"LD 3.5"" 45 IN VERT ELL WH 92",021449840002
84001,"LD 3.5"" 45 OUT VERT ELL WH 92",021449840019
84002,"LD 3.5"" 90 IN VERT ELL WH 92",021449840026
84003,"LD 3.5"" 90 OUT VERT ELL WH 92",021449840033
84004,"LD 3.5"" DUCT 7.5' LENGTH WH 92",021449840040
84005,"LD 3.5"" 12'WALL DUCT KIT WH 92",021449840057
84006,Outset Seal,021449840064
84007,"LD 3.5"" END FITTING WH 92",021449840071
84008,"LD 3.5"" FLEXIBLE ELL WH 92",021449840088
84009,"LD 3.5"" FLEX ADAPTOR WH  92",021449840095
84010,"LD 3.5"" COUPLER WH 92",021449840101
84011,"LD 3.5"" 90 FLAT ELL WH 92",021449840118
84012,"LD 3.5"" 45 FLAT ELL WH 92",021449840125
84013,"LD 3.5"" 90 SWEEP ELL WH 92",021449840132
84014,"LD 3.5"" SOFFIT INLET WH 92",021449840149
84015,"LD 3.5"" TEE WH 92",021449840156
84016,"LD 3.5"" WALL INLET WH 92",021449840163
84017,"LD 3.5"" WALL FLANGE WH 92",021449840170
84020,"LD 3.5"" 45 IN VERT ELL IV 92",021449840200
84021,"LD 3.5"" 45 OUT VERT ELL IV 92",021449840217
84022,"LD 3.5"" 90 IN VERT ELL IV 92",021449840224
84023,"LD 3.5"" 90 OUT VERT ELL IV 92",021449840231
84024,"LD 3.5"" DUCT 7.5' LENGTH IV 92",021449840248
84025,"LD 3.5"" 12'WALL DUCT KIT IV 92",021449840255
84027,"LD 3.5"" END FITTING IV 92",021449840279
84028,"LD 3.5"" FLEXIBLE ELL IV 92",021449840286
84029,"LD 3.5"" FLEX ADAPTOR IV 92",021449840293
84030,"LD 3.5"" COUPLER IV 92",021449840309
84031,"LD 3.5"" 90 FLAT ELL IV 92",021449840316
84032,"LD 3.5"" 45 FLAT ELL IV 92",021449840323
84033,"LD 3.5"" 90 SWEEP ELL IV 92",021449840330
84034,"LD 3.5"" SOFFIT INLET IV 92",021449840347
84035,"LD 3.5"" TEE IV 92",021449840354
84036,"LD 3.5"" WALL INLET IV 92",021449840361
84037,"LD 3.5"" WALL FLANGE IV 92",021449840378
84044,"LD 3.5"" DUCT 7.5' LENGTH GY 92",021449840446
84046,"LD 3.5"" 90 ADJ FLAT ELL 92 WH",021449840460
84047,"LD 3.5"" 90 ADJ FLAT ELL 92 IV",021449840477
84048,"LD 3.5"" 90 ADJ VERT ELL 92 W",021449840484
84049,"LD 3.5"" 90 ADJ VERT ELL 92 IV",021449840491
84064,"LD 3.5"" DUCT 7.5' LENGTH BR 92",021449840644
84098,LD LINESET DUCT GUSSETT 12/BAG,021449840989
84099,LD LINESET DUCTING CLIP 12/BAG,021449840996
84100,"LD 4.5"" 45 IN VERT ELL WH 122",021449841009
84101,"LD 4.5"" 45 OUT VERT ELL WH 122",021449841016
84102,"LD 4.5"" 90 IN VERT ELL WH 122",021449841023
84103,"LD 4.5"" 90 OUT VERT ELL WH 122",021449841030
84104,"LD 4.5"" DUCT 7.5' LENGTH WH122",021449841047
84105,"LD 4.5""12'WALL DUCT KIT WH 122",021449841054
84106,"LD 4.5""-3.5"" REDUCER WH 122-92",021449841061
84107,"LD 4.5"" END FITTING WH 122",021449841078
84108,"LD 4.5"" FLEXIBLE ELL WH 122",021449841085
84109,"LD 4.5"" FLEX ADAPTOR WH 122",021449841092
84110,"LD 4.5"" COUPLER WH 122",021449841108
84111,"LD 4.5"" 90 FLAT ELL WH 122",021449841115
84112,"LD 4.5"" 45 FLAT ELL WH 122",021449841122
84113,"LD 4.5"" 90 SWEEP ELL WH 122",021449841139
84114,"LD 4.5"" SOFFIT INLET WH 122",021449841146
84115,"LD 4.5"" TEE WH 122",021449841153
84116,"LD 4.5"" WALL INLET WH 122",021449841160
84117,"LD 4.5"" WALL FLANGE WH 122",021449841177
84120,"LD 4.5"" 45 IN VERT ELL IV 122",021449841207
84121,"LD 4.5"" 45 OUT VERT ELL IV 122",021449841214
84122,"LD 4.5"" 90 IN VERT ELL IV 122",021449841221
84123,"LD 4.5"" 90 OUT VERT ELL IV 122",021449841238
84124,"LD 4.5"" DUCT 7.5' LENGTH IV122",021449841245
84125,"LD 4.5""12'WALL DUCT KIT IV 122",021449841252
84126,"LD 4.5""-3.5"" REDUCER IV 122-92",021449841269
84127,"LD 4.5"" END FITTING IV 122",021449841276
84128,"LD 4.5"" FLEXIBLE ELL IV 122",021449841283
84129,"LD 4.5"" FLEX ADAPTOR IV 122",021449841290
84130,"LD 4.5"" COUPLER IV 122",021449841306
84131,"LD 4.5"" 90 FLAT ELL IV 122",021449841313
84132,"LD 4.5"" 45 FLAT ELL IV 122",021449841320
84133,"LD 4.5"" 90 SWEEP ELL IV 122",021449841337
84134,"LD 4.5"" SOFFIT INLET IV 122",021449841344
84135,"LD 4.5"" TEE IV 122",021449841351
84136,"LD 4.5"" WALL INLET IV 122",021449841368
84137,"LD 4.5"" WALL FLANGE IV 122",021449841375
84144,"LD 4.5"" DUCT 7.5' LENGTH GY122",021449841443
84146,"LD 4.5"" 90 ADJ FLAT ELL 122 W",021449841467
84147,"LD 4.5"" 90 ADJ FLAT ELL 122 IV",021449841474
84148,"LD 4.5"" 90 ADJ VERT ELL 122 W",021449841481
84149,"LD 4.5"" 90 ADJ VERT ELL 122 IV",021449841498
84164,"LD 4.5"" DUCT 7.5' LENGTH BR122",021449841641
84180,"LD 6"" DUCT 4' LENGTH WH 150",021449841801
84181,"LD 6"" 120 ADJ FLAT ELL WH 150",021449841818
84182,"LD 6"" 120 ADJ VERT ELL WH 150",021449841825
84183,"LD 6"" 90 IN VERT ELL WH 150",021449841832
84184,"LD 6"" END FITTING WH 150",021449841849
84186,"LD 6"" 90 FLAT ELL WH 150",021449841863
84187,"LD 6"" SOFFIT INLET WH 150",021449841870
84188,"LD 6"" TEE WH 150",021449841887
84189,"LD 6"" WALL INLET WH 150",021449841894
84240,"LD 3.5"" 45 IN VERT ELL GY 92",021449842402
84241,"LD 3.5"" 45 OUT VERT ELL GY 92",021449842419
84242,"LD 3.5"" 90 IN VERT ELL GY 92",021449842426
84243,"LD 3.5"" 90 OUT VERT ELL GY 92",021449842433
84247,"LD 3.5"" END FITTING GY 92",021449842471
84248,"LD 3.5"" FLEXIBLE ELL GY 92",021449842488
84249,"LD 3.5"" FLEX ADAPTOR GY 92",021449842495
84250,"LD 3.5"" COUPLER GY 92",021449842501
84251,"LD 3.5"" 90 FLAT ELL GY 92",021449842518
84252,"LD 3.5"" 45 FLAT ELL GY 92",021449842525
84253,"LD 3.5"" 90 SWEEP ELL GY 92",021449842532
84254,"LD 3.5"" SOFFIT INLET GY 92",021449842549
84255,"LD 3.5"" TEE GY 92",021449842556
84256,"LD 3.5"" WALL INLET GY 92",021449842563
84257,"LD 3.5"" WALL FLANGE GY 92",021449842570
84258,"LD 3.5"" 90 ADJ FLAT ELL 92 GR",021449842587
84259,"LD 3.5"" 90 ADJ VERT ELL 92 GR",021449842594
84260,"LD 3.5"" 45 IN VERT ELL BR 92",021449842600
84261,"LD 3.5"" 45 OUT VERT ELL BR 92",021449842617
84262,"LD 3.5"" 90 IN VERT ELL BR 92",021449842624
84263,"LD 3.5"" 90 OUT VERT ELL BR 92",021449842631
84267,"LD 3.5"" END FITTING BR 92",021449842679
84268,"LD 3.5"" FLEXIBLE ELL BR 92",021449842686
84269,"LD 3.5"" FLEX ADAPTOR BR 92",021449842693
84270,"LD 3.5"" COUPLER BR 92",021449842709
84271,"LD 3.5"" 90 FLAT ELL BR 92",021449842716
84272,"LD 3.5"" 45 FLAT ELL BR 92",021449842723
84273,"LD 3.5"" 90 SWEEP ELL BR 92",021449842730
84274,"LD 3.5"" SOFFIT INLET BR 92",021449842747
84275,"LD 3.5"" TEE BR 92",021449842754
84276,"LD 3.5"" WALL INLET BR 92",021449842761
84277,"LD 3.5"" WALL FLANGE BR 92",021449842778
84278,"LD 3.5"" 90 ADJ FLAT ELL 92 BR",021449842785
84279,"LD 3.5"" 90 ADJ VERT ELL 92 BR",021449842792
84306,ID ACC DSH-UP20E20E-07,021449843065
84307,ID ACC DSH-UP20E20E-10,021449843072
84308,ID ACC DSH-UP20E20S-07,021449843089
84309,ID ACC DSH-UP20E20S-10,021449843096
84340,"LD 4.5"" 45 IN VERT ELL GY 122",021449843409
84341,"LD 4.5"" 45 OUT VERT ELL GY 122",021449843416
84342,"LD 4.5"" 90 IN VERT ELL GY 122",021449843423
84343,"LD 4.5"" 90 OUT VERT ELL GY 122",021449841436
84346,"LD 4.5""-3.5"" REDUCER GY 122-92",021449843461
84347,"LD 4.5"" END FITTING GY 122",021449843478
84348,"LD 4.5"" FLEXIBLE ELL GY 122",021449843485
84349,"LD 4.5"" FLEX ADAPTOR GY 122",021449843492
84350,"LD 4.5"" COUPLER GY 122",021449843508
84351,"LD 4.5"" 90 FLAT ELL GY 122",021449843515
84352,"LD 4.5"" 45 FLAT ELL GY 122",021449843522
84353,"LD 4.5"" 90 SWEEP ELL GY 122",021449843539
84354,"LD 4.5"" SOFFIT INLET GY 122",021449843546
84355,"LD 4.5"" TEE GY 122",021449843553
84356,"LD 4.5"" WALL INLET GY 122",021449843560
84357,"LD 4.5"" WALL FLANGE GY 122",021449843577
84358,"LD 4.5"" 90 ADJ FLAT ELL 122 GR",021449843584
84359,"LD 4.5"" 90 ADJ VERT ELL 122 GR",021449843591
84360,"LD 4.5"" 45 IN VERT ELL BR 122",021449843607
84361,"LD 4.5"" 45 OUT VERT ELL BR 122",021449843614
84362,"LD 4.5"" 90 IN VERT ELL BR 122",021449843621
84363,"LD 4.5"" 90 OUT VERT ELL BR 122",021449843638
84366,"LD 4.5""-3.5"" REDUCER BR 122-92",021449843669
84367,"LD 4.5"" END FITTING BR 122",021449843676
84368,"LD 4.5"" FLEXIBLE ELL BR 122",021449843683
84369,"LD 4.5"" FLEX ADAPTOR BR 122",021449843690
84370,"LD 4.5"" COUPLER BR 122",021449843706
84371,"LD 4.5"" 90 FLAT ELL BR 122",021449843713
84372,"LD 4.5"" 45 FLAT ELL BR 122",021449843720
84373,"LD 4.5"" 90 SWEEP ELL BR 122",021449843737
84374,"LD 4.5"" SOFFIT INLET BR 122",021449843744
84375,"LD 4.5"" TEE BR 122",021449843751
84376,"LD 4.5"" WALL INLET BR 122",021449843768
84377,"LD 4.5"" WALL FLANGE BR 122",021449843775
84378,"LD 4.5"" 90 ADJ FLAT ELL 122 BR",021449843782
84379,"LD 4.5"" 90 ADJ VERT ELL 122 BR",021449843799
84380,LINESET COVER CUTTER,021449843805
84381,EASYBEND LINE SET BENDER KIT,021449843812
84382,EASYBEND 2PIECE KIT 1/2 & 5/8,021449843829
84383,EASYBEND 1 PIECE KIT 3/4,021449843836
84391,12oz BUZ-AWF AEROSOL,021449843911
84404,ARMOR PAD 32 X 32 X 3,021449844048
84405,ARMOR PAD 36 X 36 X 3,021449844055
84406,ARMOR PAD 40 X 40 X 3,021449844062
84407,ARMOR PAD 24 X 24 X 3 -28 PACK,021449844079
84408,ARMOR PAD 30 X 30 X 3 -28 PACK,021449844086
84418,ARMORPAD AIRCORE 35x18x2-12PK,021449844185
84419,ARMORPAD AIRCORE 18x35x2 72PK,021449844192
84420,ARMORPAD AIRCORE 18x38x3 48PK,021449844208
84421,ARMORPAD AIRCORE 24x24X2 72PK,021449844215
84422,ARMORPAD AIRCORE 24x24x3 48PK,021449844222
84423,ARMORPAD AIRCORE 30x30x2 72PK,021449844239
84424,ARMORPAD AIRCORE 30x30x3 48PK,021449844246
84425,ARMORPAD AIRCORE 32x32x2 36PK,021449844253
84426,ARMORPAD AIRCORE 32x32x3 24PK,021449844260
84427,ARMORPAD AIRCORE 36X36X2  36PK,021449844277
84428,ARMORPAD AIRCORE 36x36x3 24PK,021449844284
84429,ARMORPAD AIRCORE 40x40x2 36PK,021449844291
84430,ARMORPAD AIRCORE 40x40x3 24PK,021449844307
85000,"SD 2.75"" 45 VERTI ELL WH 77",4518301016621
85001,Drain Guard,
85002,Drain Guard Refill Kit,
85004,"SD 2.75"" DUCT 78"" LENGTH WH 77",4518301010292
85005,"SD 2.75"" WALL DUCT KIT WH 77",021449850056
85008,"SD 2.75""FLEX ELL 20""LTH WH 500",4518301013026
85009,"SD 2.75"" FLEX ADAPTOR WH 77",4518301012005
85012,"SD 2.75"" 45 FLAT ELL WH 77",4518301015822
85014,"SD 2.75"" SOFFIT INLET WH 77",4518301017024
85020,"SD 2.75"" 45 VERTI ELL IV 77",4518301016560
85024,"SD 2.75"" DUCT 78"" LENGTH IV 77",4518301010209
85028,"SD 2.75""FLEX ELL 20""LTH IV 500",4518301012968
85029,"SD 2.75"" FLEX ADAPTOR IV 77",4518301011947
85032,"SD 2.75"" 45 FLAT ELL IV 77",4518301015761
85034,"SD 2.75"" SOFFIT INLET IV 77",4518301016966
85035,"SD 3.75"" 90 VERTI ELL BL 100",4518301011688
85036,"SD 5.5"" 90 VERTI ELL BL 140",4518301011787
85037,"SD 2.75"" 90 VERTI ELL BL 77",4518301011589
85038,"SD 3.75"" 45 VERTI ELL BL 100",4518301016706
85039,"SD 5.5"" 45 VERTI ELL BL 140",4518301016805
85040,"SD 2.75"" 45 VERTI ELL BL 77",4518301016607
85041,"SD 3.75"" DUCT 78""LENGTH BL 100",4518301010414
85042,"SD 5.5"" DUCT 78"" LENGTH BL 140",4518301010520
85043,"SD 2.75"" DUCT 78"" LENGTH BL 77",4518301010261
85044,"SD 3.75""-2.75"" REDUCR BL 100-7",4518301014009
85045,"SD 5.5""-3.75"" REDUCR BL 140-10",4518301014108
85046,"SD 2.75"" END FITTING BL 77",4518301018441
85047,"SD 3.75"" END FITTING BL 100",4518301015020
85048,"SD 5.5"" END FITTING BL 140",4518301015129
85049,"SD 3.75""FLX ELL31""L BL 100-800",4518301013200
85050,"SD 5.5""FLEXIBLE ELL BL 140-800",4518301013309
85051,"SD 2.75""FLEX ELL 20""LTH BL 500",4518301013002
85052,"SD 3.75"" FLEX ADAPTOR BL 100",4518301012081
85053,"SD 2.75"" FLEX ADAPTOR BL 77",4518301011985
85054,"SD 3.75""FIXD OFFSET 2""L BL 100",4518301017833
85055,"SD 2.75""FIXD OFFSET 2""L BL 77",4518301017734
85056,"SD 3.75"" COUPLER BL 100",4518301012401
85057,"SD 5.5"" COUPLER BL 140",4518301012500
85058,"SD 2.75"" COUPLER BL 77",4518301012302
85059,"SD 3.75"" 90 FLAT ELL BL 100",4518301011268
85060,"SD 5.5"" 90 FLAT ELL BL 140",4518301011367
85061,"SD 2.75"" 90 FLAT ELL BL 77",4518301011169
85062,"SD 3.75"" 45 FLAT ELL BL 100",4518301015907
85063,"SD 5.5"" 45 FLAT ELL BL 140",4518301016003
85064,"SD 2.75"" DUCT 78"" LENGTH BR 77",4518301010230
85072,"SD 2.75"" 45-90 FLAT ELL BR 77",021449850728
85086,"SD 2.75"" 45 FLAT ELL BL 77",4518301015808
85087,"SD 2.75"" 45-90 FLAT ELL BL 77",4518301019776
85088,"SD 2.75"" TWIST ELL BL 77",4518301018700
85089,"SD 3.75"" SOFFIT INLET BL 100",4518301017109
85090,"SD 5.5"" SOFFIT INLET BL 140",4518301017208
85091,"SD 2.75"" SOFFIT INLET BL 77",4518301017000
85092,"SD 3.75"" TEE BL 100",4518301013606
85093,"SD 5.5"" TEE BL 140",4518301013804
85094,"SD 2.75"" TEE BL 77",4518301013705
85095,"SD 3.75"" WALL INLET BL 100",4518301010841
85096,"SD 5.5"" WALL INLET BL 140",4518301010940
85097,"SD 2.75"" WALL INLET BL 77",4518301010742
85104,"SD 3.75"" DUCT 78""LENGTH WH 100",4518301010445
85105,"SD 3.75"" WALL DUCT KIT WH 100",021449851053
85106,"SD 3.75""-2.75""REDUCR WH 100-77",4518301014023
85109,"SD 3.75"" FLEX ADAPTOR WH 100",4518301012104
85124,"SD 3.75"" DUCT 78""LENGTH IV 100",4518301010353
85126,"SD 3.75""-2.75""REDUCR IV 100-77",4518301013965
85129,"SD 3.75"" FLEX ADAPTOR IV 100",4518301012043
85164,"SD 3.75"" DUCT 78""LENGTH BR 100",4518301010384
85200,"SD 5.5"" 45 VERTI ELL WH 140",4518301016829
85202,"SD 5.5"" 90 VERTI ELL WH 140",4518301011800
85204,"SD 5.5"" DUCT 78"" LENGTH WH 140",4518301010544
85208,"SD 5.5""FLEXIBLE ELL WH 140-800",4518301013323
85211,"SD 5.5"" 90 FLAT ELL WH 140",4518301011381
85212,"SD 5.5"" 45 FLAT ELL WH 140",4518301016027
85214,"SD 5.5"" SOFFIT INLET WH 140",4518301017222
85215,"SD 5.5"" TEE WH 140",4518301013828
85216,"SD 5.5"" WALL INLET WH 140",4518301010964
85220,"SD 5.5"" 45 VERTI ELL IV 140",4518301016768
85222,"SD 5.5"" 90 VERTI ELL IV 140",4518301011749
85224,"SD 5.5"" DUCT 78"" LENGTH IV 140",4518301010483
85228,"SD 5.5""FLEXIBLE ELL IV 140-800",4518301013262
85231,"SD 5.5"" 90 FLAT ELL IV 140",4518301011329
85232,"SD 5.5"" 45 FLAT ELL IV 140",4518301015969
85234,"SD 5.5"" SOFFIT INLET IV 140",4518301017161
85235,"SD 5.5"" TEE IV 140",4518301013767
85236,"SD 5.5"" WALL INLET IV 140",4518301010902
85264,"SD 5.5"" DUCT 78"" LENGTH BR 140",4518301010506
85360,"SD 2.75"" 45 VERTI ELL BR 77",4518301016584
85362,"SD 2.75"" 90 VERTI ELL BR 77",4518301011565
85367,"SD 2.75"" END FITTING BR 77",4518301014900
85368,"SD 2.75""FLEX ELL 20""LTH BR 500",4518301012982
85369,"SD 2.75"" FLEX ADAPTOR BR 77",4518301011961
85370,"SD 2.75"" COUPLER BR 77",021449853705
85371,"SD 2.75"" 90 FLAT ELL BR 77",4518301011145
85372,"SD 2.75"" 45 FLAT ELL BR 77",4518301015785
85374,"SD 2.75"" SOFFIT INLET BR 77",4518301016980
85375,"SD 2.75"" TEE BR 77",4518301013682
85376,"SD 2.75"" WALL INLET BR 77",4518301010728
85378,"SD 2.75""FIXD OFFSET 2""L BR 77",4518301017710
85395,"SD 2.75"" TWIST ELL BR 77",4518301018687
85460,"SD 3.75"" 45 VERTI ELL BR 100",4518301016683
85462,"SD 3.75"" 90 VERTI ELL BR 100",4518301011664
85466,"SD 3.75""-2.75""REDUCR BR 100-77",4518301013989
85467,"SD 3.75"" END FITTING BR 100",4518301015006
85468,"SD 3.75""FLX ELL31""L BR 100-800",4518301013187
85469,"SD 3.75"" FLEX ADAPTOR BR 100",4518301012067
85470,"SD 3.75"" COUPLER BR 100",4518301012388
85471,"SD 3.75"" 90 FLAT ELL BR 100",4518301011244
85472,"SD 3.75"" 45 FLAT ELL BR 100",4518301015884
85474,"SD 3.75"" SOFFIT INLET BR 100",4518301017086
85475,"SD 3.75"" TEE BR 100",4518301013583
85476,"SD 3.75"" WALL INLET BR 100",4518301010827
85478,"SD 3.75""FIXD OFFSET 2""L BR 100",4518301017819
85560,"SD 5.5"" 45 VERTICAL ELL BR",4518301016782
85562,"SD 5.5"" 90 VERTI ELL BR 140",4518301011763
85566,"SD 5.5""-3.75""REDUCR BR 140-100",4518301014085
85567,"SD 5.5"" END FITTING BR 140",4518301015105
85568,"SD 5.5""FLEXIBLE ELL BR 140-800",4518301013286
85570,"SD 5.5"" COUPLER BR 140",4518301012487
85571,"SD 5.5"" 90 FLAT ELL BR 140",4518301011343
85572,"SD 5.5"" 45 FLAT ELL BR 140",4518301015983
85574,"SD 5.5"" SOFFIT INLET BR 140",4518301017185
85575,"SD 5.5"" TEE BR 140",4518301013781
85576,"SD 5.5"" WALL INLET BR 140",4518301010926
86001,"SD 2.75""SADDLE FOR FLEX ELL 77",4518301015181
86002,"SD 2.75"" 90 VERTI ELL WH 77",4518301011602
86007,"SD 2.75"" END FITTING WH 77",4518301014948
86010,"SD 2.75"" COUPLER WH 77",4518301012326
86011,"SD 2.75"" 90 FLAT ELL WH 77",4518301011183
86012,"SD 2.75"" 45-90 FLAT ELL IV 77",021449860123
86015,"SD 2.75"" TEE WH 77",4518301013729
86016,"SD 2.75"" WALL INLET WH 77",4518301010766
86018,"SD 2.75""FIXD OFFSET 2""L WH 77",4518301017758
86022,"SD 2.75"" 90 VERTI ELL IV 77",4518301011541
86027,"SD 2.75"" END FITTING IV 77",4518301014887
86030,"SD 2.75"" COUPLER IV 77",4518301012265
86031,"SD 2.75"" 90 FLAT ELL IV 77",4518301011121
86032,"SD 2.75"" 45-90 FLAT ELL WH 77",021449860321
86035,"SD 2.75"" TEE IV 77",4518301013668
86036,"SD 2.75"" WALL INLET IV 77",4518301010704
86038,"SD 2.75""FIXD OFFSET 2""L IV 77",4518301017697
86100,"SD 3.75"" 45 VERTI ELL WH 100",4518301016720
86101,"SD 3.75""SADLE FOR FLEX ELL 100",4518301015204
86102,"SD 3.75"" 90 VERTI ELL WH 100",4518301011701
86107,"SD 3.75"" END FITTING WH 100",4518301015044
86108,"SD 3.75""FLX ELL31""L WH 100-800",4518301013224
86110,"SD 3.75"" COUPLER WH 100",4518301012425
86111,"SD 3.75"" 90 FLAT ELL WH 100",4518301011282
86112,"SD 3.75"" 45 FLAT ELL WH 100",4518301015921
86114,"SD 3.75"" SOFFIT INLET WH 100",4518301017123
86115,"SD 3.75"" TEE WH 100",4518301013620
86116,"SD 3.75"" WALL INLET WH 100",4518301010865
86118,"SD 3.75""FIXD OFFSET 2""L WH 100",4518301017857
86120,"SD 3.75"" 45 VERTI ELL IV 100",4518301016669
86122,"SD 3.75"" 90 VERTI ELL IV 100",4518301011640
86127,"SD 3.75"" END FITTING IV 100",4518301014986
86128,"SD 3.75""FLX ELL31""L IV 100-800",4518301013163
86130,"SD 3.75"" COUPLER IV 100",4518301012364
86131,"SD 3.75"" 90 FLAT ELL IV 100",4518301011220
86132,"SD 3.75"" 45 FLAT ELL IV 100",4518301015860
86134,"SD 3.75"" SOFFIT INLET IV 100",4518301017062
86135,"SD 3.75"" TEE IV 100",4518301013569
86136,"SD 3.75"" WALL INLET IV 100",4518301010803
86138,"SD 3.75""FIXD OFFSET 2""L IV 100",4518301017796
86201,"SD 5.5""SADDLE FOR FLEX ELL 140",4518301015228
86206,"SD 5.5""-3.75""REDUCR WH 140-100",4518301014122
86207,"SD 5.5"" END FITTING WH 140",4518301015143
86210,"SD 5.5"" COUPLER WH 140",4518301012524
86226,"SD 5.5""-3.75""REDUCR IV 140-100",4518301014061
86227,"SD 5.5"" END FITTING IV 140",4518301015082
86230,"SD 5.5"" COUPLER IV 140",4518301012463
86299,SD LINESET STRAP KIT,4518301017253
86625,16 OZ AEROSOL COLD GALVANIZING,021449866255
86660,SCREWDRIVER KEY -GREEN/SILVER,021449866606
86671,"PINK R410 CAP 5/16"" THD 10 PK",021449866712
86672,"PINK R410 CAP 5/16"" THD 2 PK",021449866729
86673,"PINK R410 CAP 5/16"" THD 50 PK",021449866736
86680,6 R410 CAPS  1 KEY,021449866804
86681,"PINK R410 CAP 1/4"" THD 10 PK",021449866811
86682,"PINK R410 CAP 1/4"" THD 2 PK",021449866828
86683,"PINK R410 CAP 1/4"" THD 50 PK",021449866835
86684,"PINK R410 CAP 1/4"" THD 100 PK",021449866842
86688,SCREWDRIVER KEY - PINK,021449866880
86690,6 SILVER UNI CAPS  1 KEY,021449866903
86691,"SILVER UNI CAP 1/4"" THD 10 PK",021449866910
86692,"SILVER UNI CAP 1/4"" THD 2 PK",021449866927
86693,"SILVER UNI CAP 1/4"" THD 50 PK",021449866934
86694,"SILVER UNI CAP 1/4"" THD 100 PK",021449866941
86698,MULTI-KEY (FITS ALL CAPS),021449866989
87001,PRO-FIT FLARING KIT,021449870016
87011,PRO-FIT SWAGING KIT,021449870115
87018,"PRO-FIT 1/4"" QUIK CNECT UNION",021449870184
87019,"PRO-FIT 3/8"" QUIK CNECT UNION",021449870191
87020,"PRO-FIT 1/2"" QUIK CNECT UNION",021449870207
87021,"PRO-FIT 5/8"" QUIK CNECT UNION",021449870214
87022,"PRO-FIT 3/4"" QUIK CNECT UNION",021449870221
87023,"PRO-FIT 7/8"" QUIK CNECT UNION",021449870238
87024,"PRO-FIT 1/4"" QUIK CNECT 90 ELB",021449870245
87025,"PRO-FIT 3/8"" QUIK CNECT 90 ELB",021449870252
87026,"PRO-FIT 1/2"" QUIK CNECT 90 ELB",021449870269
87027,"PRO-FIT 5/8"" QUIK CNECT 90 ELB",021449870276
87028,"PRO-FIT 3/4"" QUIK CNECT 90 ELB",021449870283
87029,"PRO-FIT 7/8"" QUIK CNECT 90 ELB",021449870290
87030,"PRO-FIT 1/4"" TO 3/8"" REDUCR QC",021449870306
87031,"PRO-FIT 3/8"" TO 1/2"" REDUCR QC",021449870313
87032,"PRO-FIT 1/2"" TO 5/8"" REDUCR QC",021449870320
87033,"PRO-FIT 1/4"" TO 3/8"" ELB RDUCR",021449870337
87034,"PRO-FIT 3/8"" TO 1/2"" ELB RDUCR",021449870344
87035,"PRO-FIT 1/2"" TO 5/8"" ELB RDUCR",021449870351
87036,"PRO-FIT 1/4""QUIK CNECT SOCKET",021449870368
87037,"PRO-FIT 3/8""QUIK CNECT SOCKET",021449870375
87038,"PRO-FIT 1/2"" QUIK CNECT SOCKET",021449870382
87039,"PRO-FIT 5/8""QUIK CNECT SOCKET",021449870399
87042,"PRO-FIT 1/4"" QUIK CNECT SVCVLV",021449870429
87043,"PRO-FIT 3/8"" QUIK CNECT SVCVLV",021449870436
87044,"PRO-FIT 1/2"" QUIK CNECT SVCVLV",021449870443
87045,"PRO-FIT 5/8"" QUIK CNECT SVCVLV",021449870450
87048,"PRO-FIT 1/4""-5/8"" STARTER KIT",021449870481
87049,"PRO-FIT 3/4""-7/8"" STARTER KIT",021449870498
87050,"PRO-FIT Support Kit 1/4-5/8""G2",021449870504
87051,"PRO-FIT Support Kit 3/4-7/8""G2",021449870511
87630,DMSS SINGLE UNIT STAND B5551,021449876308
87631,DMSS SGL UNIT STD EXTNDR B5554,021449876315
87632,DMSS STAND HGT ADJUSTER 4-PACK,021449876322
87633,DMSS STD EXTNDR HGT ADJ 2-PACK,021449876339
87634,BF VRF/VRV 990 STAND B5556,021449876346
87635,BF VRF/VRV 990 STD EXTNR B5559,021449876353
87636,BF VRF/VRV 1290 STAND B5557,021449876360
87637,BF VRF/VRV 1290 STD/EXTR B5560,021449876377
87638,BF VRF/VRV 1450 STAND B5558,021449876384
87639,BF VRF/VRV 1450 STD EXTR B5561,021449876391
87650,"BF 12"" SMALL FOOT FLEECE B9156",021449876506
87651,"BF 18"" LARGE FOOT FLEECE B9157",021449876513
87652,"BF 24"" MEGA FOOT FLEECE B9415",021449876520
87653,BF VRF 18? Riser Kit Base,021449876537
87654,BF VRF 24? Riser Kit Base,021449876544
87655,BF VRF 18? Riser Kit Ext,021449876551
87656,"BF 48"" MULT FRM CROSSBAR B9662",021449876568
87657,BF VRF 24? Riser Kit Ext,021449876575
87658,BF MULTI FRAME B9720,021449876582
87659,BF MULTI FRAME EXT KIT B9721,021449876599
87660,BF MULTI FRAME LNG STD B9720/1,021449876605
87661,BF MULT FRM EXT KIT LS B9721/1,021449876612
87662,BF PIPE HANGERS B7210 (5 Pack),021449876629
87686,DMSS SINGLE UNIT STAND B5550,021449876865
87697,BF 2.5 DEGREE PAD 305MM2 B9091,021449876971
87714,"BIG FOOT H FRAME KIT 18"" B6089",021449877145
87716,"BIG FOOT H FRAME 13"" B6088/B",021449877169
87719,BF MULTI PAD B9655,021449877190
87720,"BF MULT/PAD 16"" B9640",021449877206
87731,UNDER WINDOW BRACKET 176 LB,021449877312
87732,WALL CONDENSER BRKT GLV 330 LB,021449877329
87733,WALL CONDENSER BRACKET 300 LB,021449877336
87734,WALL CONDENSER BRKT SS 300 LB,021449877343
87735,WALL CONDENSER BRACKET 500 LB,021449877350
87740,WALL COND BRACKET500# WBB500HR,021449877404
87743,SLAB CONDENSER STAND 176 LB,021449877435
87744,"DUPLEX CONDENSER STD 36""176 LB",021449877442
87745,SLOPE CONDENSER BRACKET 250 LB,021449877459
87746,CONDENSER STAND GALV 440 LB,021449877466
87761,"PLAROCK 4"" RISER 14""L 309 LB",021449877619
87762,"PLAROCK 4"" RISER 18""L 397 LB",021449877626
87763,"PLAROCK 4"" RISER 39""L 882 LB",021449877633
87765,"PAT400K 4"" RISER END CAP (2)",021449877657
87771,BF SM FIXIT FT W/CHANNEL B6735,021449877718
87772,BF SM FIXIT FT W/CHL LOW B9043,021449877725
87773,BF MED FIXIT FT W/CHL B6736,021449877732
87774,BF MED FXIT FT W/CHL LOW B9045,021449877749
87775,BF LG FIXIT FT W/CHANNEL B6737,021449877756
87776,BF XL FIXIT FT W/CHANNEL B9096,021449877763
87777,PAIR COIL 1/4 X 1/2 X 1/2 25FT,021449877770
87778,PAIR COIL 1/4 X 1/2 X 1/2 35FT,021449877787
87781,PAIR COIL 1/4X 3/8 X 50 FEET,021449877817
87782,PAIR COIL 1/4 X 1/2 X 50 FEET,021449877824
87785,PAIR COIL PC2420ER 1/4X1/2X65',021449877855
87787,PAIR COIL 1/4 X 5/8 X 1/2 25FT,021449877879
87788,PAIR COIL 1/4 X 5/8 X 1/2 35FT,021449877886
87789,PAIR COIL 1/4 X 5/8 X 1/2 50FT,021449877893
87791,PAIR COIL 3/8 X 5/8 X 1/2 25FT,021449877916
87792,PAIR COIL 3/8 X 5/8 X 1/2 35FT,021449877923
87793,PAIR COIL 3/8 X 5/8 X 1/2 50FT,021449877930
88312,16 OZ NICKL SAFE IC MACH CLN,021449883122
88314,GAL NICKL SAFE ICE MACH CLN,687598111914
88436,14 OZ GRIME-SOLV AEROSOL,687598051500
88438,20 OZ K.O. DIRT BLASTER A,687598051401
89096,Rep UV LED Array for DUALITY,
89224,"DF Carbon AirPurifier 14"" Unit",
89230,"DF Active Air Purifier 6"" Unit",
89231,"DF Active Air Purifir 12"" Unit",
89262,New Lightstick Unit,
89263,Lightstick PLUS Unit (Y9557),
89711,MINISPLIT DRN ADAPTER 16MM 2PK,021449897112
89712,MINISPLT DRN ADAPTER 16MM 10PK,021449897129
89713,MINISPLIT DRN ADAPTER 18MM 2PK,021449897136
89714,MINISPLT DRN ADAPTER 18MM 10PK,021449897143
94273,GAL BOTLS DARK CUTTING OIL 4PK,021449942720
94392,QT BOTLS DARK CUTTING OIL,021449943925
96100,AG 1100+ SWITCH FOR METAL PAN,021449961004
96106,AG 1200+ SWITCH METAL/PLASTIC,021449961066
96108,AG 1250E SENSOR METAL/PLASTIC,021449961080
96124,AG 3150E SENSOR W/TIME DELAY,021449961240
96126,AG 3175E SENSOR TIME DELAY PIN,021449961264
96128,AG 3180E SENSOR TIME DELAY PIN,021449961288
96142,AG 4200M SWITCH,021449961424
96143,AG 4200E SENSOR,021449961431
96148,AG 4250E SENSOR,021449961486
96180,AG 9100 EXTERNAL ALARM,021449961806
96202,GOLIATH PAN 28X57,021449962025
96204,GOLIATH PAN 28X69,021449962049
96206,GOLIATH PAN 30X50,021449962063
96208,GOLIATH PAN 30X62,021449962087
96210,GOLIATH PAN 30X66,021449962100
96220,GOLIATH FURNACE PAN 30X36,021449962209
96222,GOLIATH FURNACE PAN 34X64,021449962223
96224,GOLIATH FURNACE PAN 34X79,021449962247
96230,TITAN PAN 24X24,021449962308
96234,TITAN PAN 30X30,021449962346
96236,TITAN PAN 32X32,021449962360
96240,TITAN PAN 30X62,021449962407
96241,TITAN METAL SERIES DRNPAN24X36,021449962414
96242,TITAN METAL SERIES DRNPAN26X26,021449962421
96243,TITAN METAL SERIES DRNPAN30X66,021449962438
96244,TITAN METAL SERIES DRNPAN32X36,021449962445
96245,TITAN METAL SERIES DRNPAN32X48,021449962452
96246,TITAN METAL SERIES DRNPAN32X62,021449962469
96247,TITAN METAL SERIES DRNPAN30X60,021449962476
96248,TITAN METAL SERIES DRNPAN30X30,021449962483
96250,GOLIATH FURNACE RISER 23X4,021449962506
96252,GOLIATH FURNACE RISER 23X7,021449962520
96254,GOLIATH FURNACE RISER 28X6,021449962544
96344,"SPARTAN ABS PAN 30""X50""",021449963442
96345,"SPARTAN ABS PAN 30""X62""",021449963459
96348,SPARTAN ABS FURNACE PAN 34X64,021449963480
96349,SPARTAN ABS FURNACE PAN 34X79,021449963497
96414,RSH-120 SURGE PROTECTOR,021449964142
96415,RSH-50 SURGE PROTECTOR,021449964159
96416,RSH-60 SURGE PROTECTOR,021449964166
96417,30A FUSED DSCONECT BX W/RSH-50,021449964173
96418,60A FUSED DSCONECT BX W/RSH-50,021449964180
96419,60A NF DSCONNECT BOX W/RSH-50,021449964197
96420,RSH-VRM 60A VOLTAGE RANGE MON,021449964203
96421,RSH-50 VRM KIT-SURGE+VRM+BOX,021449964210
96422,RSH-120 FLUSH PLATE 2PK,021449964227
96424,RSH-50 VRMDC KIT,021449964241
96426,RSH-60VMD SURGE PROTECTOR,021449964265
96427,RSH-20 MOTOR PROTECTOR X-13/X,021449748483
96428,RSH-20 MOTOR PROTECTOR 5-PIN,021449748490
96429,RSH-20 MOTOR PROTECTOR ENSITE,021449748506
96430,RSH-20 MOTOR PROTECTOR AZURE,021449748513
96495,12 OZ DRAFT-BLOCK ORANGE,021449964951
96500,12 OZ DRAFT-BLOCK AEROSOL,021449965002
96503,KICKSTART T05,021449965033
96506,KICKSTART KS1,021449965064
96524,KICKSTART MP1,021449965248
96899,CHECK-FLO UTILITY ACCESS BOX,021449968997
96980,"CLN CHK 3""OR4""FLAPPER NEW STYL",021449969802
96983,"CLEAN CHK 6"" FLAPPER NEW STYLE",021449969833
96994,"8"" PVC SCH40X5DR-35 BUSHING",021449969949
97003,"3"" ABS CLEAN CHECK EB VALVE",021449970037
97004,"4"" ABS CLEAN CHECK EB VALVE",021449970044
97013,"3"" ABS CLEAN CHECK EBV W/ADAPT",021449970136
97014,"4"" ABS CLEAN CHECK EBV W/ADAPT",021449970143
97022,"CLN CK 3-4"" PVC REBUILD KITS",021449970228
97023,"3"" PVC CLEAN CHECK EB VALVE",021449970235
97024,"4"" PVC CLEAN CHECK EB VALVE",021449970242
97025,"CLN CK 6"" PVC REBUILD KIT",021449970259
97026,"6"" PVC CLEAN CHECK EB VALVE",021449970266
97033,"3"" PVC CLEAN CHECK EBV W/ADAPT",021449970334
97034,"4"" PVC CLEAN CHECK EBV W/ADAPT",021449970341
97041,"SS2009V SURE SEAL 2"" TRAP SEAL",021449970419
97042,"SS3009V SURE SEAL 3"" TRAP SEAL",021449970426
97043,"SS3509V SURE SEAL3.5""TRAP SEAL",021449970433
97044,"SS4009V SURE SEAL 4"" TRAP SEAL",021449970440
97045,"SS2009 PLS 2""SURE SEAL/CK VALV",021449970457
97050,"HUBSETT TST CPLG 3"" ABS HORZ",021449970501
97051,"HUBSETT TST CPLG 3"" PVC HORZ",021449970518
97052,"HUBSETT TST CPLG 4"" ABS HORZ",021449970525
97053,"HUBSETT TST CPLG 4"" PVC HORZ",021449970532
97063,"4"" PVC HORZ HUB X SPIGOT",021449970631
97066,"SS314VG 3""SURE SEAL VENT GUARD",021449970662
97068,"SS414VG 4""SURE SEAL VENT GUARD",021449970686
97081,"SS2009V SS2""24PK CONTRACTOR PK",021449970815
97082,"SS3009V SS3""24PK CONTRACTOR PK",021449970822
97084,"SS4009V SS4""24PK CONTRACTOR PK",021449970846
97085,SAFE-T-SWITCH SS1 GEN3 24PK,021449970853
97086,SAFE-T-SWITCH SS1P PLENUM 12PK,021449970860
97087,SAFE-T-SWITCH SS2 GEN3 24PK,021449970877
97088,SAFE-T-SWITCH SS2P PLENUM 12PK,021449970884
97089,SAFE-T-SWITCH SS3 GEN3 24PK,021449970891
97090,SAFE-T-SWITCH SS3P PLENUM 12PK,021449970907
97091,SAFE-T-SWITCH SC1 24PK,021449970914
97092,SAFE-T-SWITCH SSW,021449970921
97210,"KIT 1/4"" 3/8"" 1/2"" 5/8"" SEALS",021449972109
97211,"(2) 3/8"" & (2) 3/4"" FLARETITE",021449972116
97212,"(2) 3/8"" & (2) 5/8"" FLARETITE",021449972123
97213,"(2) 3/8"" & (2) 1/2"" FLARETITE",021449972130
97214,"(2) 1/4"" & (2) 5/8"" FLARETITE",021449972147
97215,"(2) 1/4"" & (2) 1/2"" FLARETITE",021449972154
97216,"(2) 1/4"" & (2) 3/8"" FLARETITE",021449972161
97217,"BOX 10 3/4"" FLARETITE SEALS",021449972178
97218,"BOX 10 5/8"" FLARETITE SEALS",021449972185
97219,"BOX 10 1/2"" FLARETITE SEALS",021449972192
97220,"BOX 10 3/8"" FLARETITE SEALS",021449972208
97221,"BOX 10 1/4"" FLARETITE SEALS",021449972215
97222,"BOX 200 5/8"" FLARETITE SEALS",021449972222
97223,"BOX 200 1/2"" FLARETITE SEALS",021449972239
97224,"BOX 200 3/8"" FLARETITE SEALS",021449972246
97225,"BOX 200 1/4"" FLARETITE SEALS",021449972253
97226,"BOX 100 3/4"" FLARETITE SEALS",021449972260
97227,"BOX 100 5/8"" FLARETITE SEALS",021449972277
97228,"BOX 100 1/2"" FLARETITE SEALS",021449972284
97229,"BOX 100 3/8"" FLARETITE SEALS",021449972291
97230,"BOX 100 1/4"" FLARETITE SEALS",021449972307
97250,"1/2"" SGL GRIP INTRNL PIPE WRNC",021449972505
97252,"1""/1.25"" DBL INTERNAL PIPEWRCH",021449972529
97256,GOLDEN GRIP INT PIPE WRNCH SET,021449972567
97258,GOLDEN EXTRCTOR TUB DRAIN TOOL,021449972581
97260,PLUMBERS MATE ABSORBENT PADS,021449972604
97400,MAGIC VENT,021449974004
97402,MAGIC TRAP KIT,021449974028
97405,MAGIC VENT & PVC ADAPTER,021449974059
97406,MAGIC VENT & ABS ADAPTER,021449974066
97481,"2"" TOM-KAP ADAPT& PLG PVC 24PK",021449974813
97482,"3"" TOM-KAP ADAPT& PLG ABS 24PK",021449974820
97483,"3"" TOM-KAP ADAPT& PLG PVC 24PK",021449974837
97484,"4"" TOM-KAP ADAPT& PLG ABS 24PK",021449974844
97485,"4"" TOM-KAP ADAPT& PLG PVC 24PK",021449974851
97575,QUICK SAW,021449975759
97585,EASY KLEAR 3-WAY VALVE,021449975858
97600,2 OZ RECTORSEAL EP-200 W/DISPL,021449976008
97601,2 OZ RECTORSEAL EP-200 REFILL,021449976015
97602,EP-200 BLISTER PACK,021449976022
97606,4 OZ RECTORSEAL EP-400 W/DISPL,021449976060
97622,SAFE-T-SWITCH SS610E FOR DMSS,021449976220
97629,SS1 DIRECTIONAL CLEANOUT TOOL,021449976299
97630,SAFE-T-SWITCH SS1 CONTR 50PK,021449976305
97632,SAFE-T-SWITCH SS1 24PK,021449976329
97637,SAFE-T-SWITCH SS2 24PK,021449976374
97647,SAFE-T-SWITCH SS3 24PK,021449976473
97685,NU LINE NL1 8 OZ,021449976855
97690,NU LINE NL2 32 OZ,021449976909
97692,SAFE-T-SWITCH SS103E,021449976923
97693,SAFE-T-SWITCH SS500EP,021449976930
97705,MIGHTY BRACKET,021449977050
97718,TRIPLEGUARD WATER SENSOR,021449977180
97720,TRIPLEGUARD ACTIVE,021449977203
97750,WATER HEATER STAND - DELUXE,021449977500
97760,RETROFLAPPER FF-B-12,021449977609
97761,RETROFLAPPER FF-B-144,021449977609
97771,UNIVERSAL 1.6GPF 12-PACK,021449977715
97795,MIGHTY PUMP F/AC DRAIN LINES,021449977951
97796,MIGHTY PUMP REPLACEMENT HOSES,021449977968
97807,"RPLMT SGL WS3/0 W/27"" CAP&LNYD",021449978071
97949,"CLEVIS CLIP 1-1/4"" 3000 LB",021449979498
97958,WS MASTER SET (20) SINGLES,021449979580
97961,"WS 3/0 SGL W/13"" WIRE ROPE",021449979610
97962,"WS 3/0 SGL W/20"" WIRE ROPE",021449979627
97963,"WS 3/0 SGL W/27"" WIRE ROPE",021449979634
97964,"WS 3/0 SGL W/34"" WIRE ROPE",021449979641
97965,"WS 4/0 SGL WITH 13"" WIRE ROPE",021449979658
97966,"WS 4/0 SGL WITH 20"" WIRE ROPE",021449979665
97967,"WS 4/0 SGL WITH 27"" WIRE ROPE",021449979672
97968,"WS 4/0 SGL WITH 34"" WIRE ROPE",021449979689
97969,"WS 350 SGL W/13"" WIRE ROPE",021449979696
97970,"WS 350 SGL W/22"" WIRE ROPE",021449979702
97971,"WS 350 SGL W/31"" WIRE ROPE",021449979719
97972,"WS 350 SGL W/40"" WIRE ROPE",021449979726
97973,"WS 500 SGL W/13"" WIRE ROPE",021449979733
97974,"WS 500 SGL W/22"" WIRE ROPE",021449979740
97975,"WS 500 SGL W/31"" WIRE ROPE",021449979757
97976,"WS 500 SGL W/40"" WIRE ROPE",021449979764
97977,"WS 600 SGL W/13"" WIRE ROPE",021449979771
97978,"WS 600 SGL W/22"" WIRE ROPE",021449979788
97979,"WS 600 SGL W/31"" WIRE ROPE",021449979795
97980,"WS 600 SGL W/40"" WIRE ROPE",021449979801
98050,GOLDEN PIPE SHREDDER KIT,021449980500
98117,"SU 8AWG WIRE GRABBER W/15""LNYD",021449981170
98118,"SU 8AWG WIRE GRABBER W/19""LNYD",021449981187
98119,"SU 8AWG WIRE GRABBER W/23""LNYD",021449981194
98120,"SU 8AWG WIRE GRABBER W/11""LNYD",021449981200
98121,"SU 1AWG WIRE GRABBER W/11"" LYD",021449981217
98122,"SU 1AWG WIRE GRABBER W/15"" LYD",021449981224
98123,"SU 1AWG WIRE GRABBER W/19"" LYD",021449981231
98124,"SU 1AWG WIRE GRABBER W/23"" LYD",021449981248
98125,"SU 2AWG WIRE GRABBER W/11"" LYD",021449981255
98126,"SU 2AWG WIRE GRABBER W/15"" LYD",021449981262
98127,"SU 2AWG WIRE GRABBER W/19"" LYD",021449981279
98128,"SU 2AWG WIRE GRABBER W/23"" LYD",021449981286
98129,"SU 3AWG WIRE GRABBER W/11"" LYD",021449981293
98130,"SU 3AWG WIRE GRABBER W/15"" LYD",021449981309
98131,"SU 3AWG WIRE GRABBER W/19"" LYD",021449981316
98132,"SU 3AWG WIRE GRABBER W/23"" LYD",021449981323
98133,"SU 4AWG WIRE GRABBER W/11"" LYD",021449981330
98134,"SU 4AWG WIRE GRABBER W/15"" LYD",021449981347
98135,"SU 4AWG WIRE GRABBER W/19"" LYD",021449981354
98136,"SU 4AWG WIRE GRABBER W/23"" LYD",021449981361
98137,"SU 6AWG WIRE GRABBER W/11"" LYD",021449981378
98138,"SU 6AWG WIRE GRABBER W/15"" LYD",021449981385
98139,"SU 6AWG WIRE GRABBER W/19"" LYD",021449981392
98140,"SU 6AWG WIRE GRABBER W/23"" LYD",021449981408
98141,"SU 1/0 WIRE GRABBER W/14"" LYD",021449981415
98142,"SU 1/0 WIRE GRABBER W/21"" LYD",021449981422
98143,"SU 1/0 WIRE GRABBER W/28"" LYD",021449981439
98144,"SU 1/0 WIRE GRABBER W/35"" LYD",021449981446
98145,"SU 2/0 WIRE GRABBER W/14"" LYD",021449981453
98146,"SU 2/0 WIRE GRABBER W/21"" LYD",021449981460
98147,"SU 2/0 WIRE GRABBER W/28"" LYD",021449981477
98148,"SU 2/0 WIRE GRABBER W/35"" LYD",021449981484
98149,"SU 3/0 WIRE GRABBER W/14"" LYD",021449981491
98150,"SU 3/0 WIRE GRABBER W/21"" LYD",021449981507
98151,"SU 3/0 WIRE GRABBER W/28"" LYD",021449981514
98152,"SU 3/0 WIRE GRABBER W/35"" LYD",021449981521
98153,"SU 4/0 WIRE GRABBER W/14"" LYD",021449981538
98154,"SU 4/0 WIRE GRABBER W/21"" LYD",021449981545
98155,"SU 4/0 WIRE GRABBER W/28"" LYD",021449981552
98156,"SU 4/0 WIRE GRABBER W/35"" LYD",021449981569
98157,"SU250 MCM WIRE GRBBR W/14"" LYD",021449981576
98158,"SU250 MCM WIRE GRBBR W/21"" LYD",021449981583
98159,"SU250 MCM WIRE GRBBR W/28"" LYD",021449981590
98160,"SU250 MCM WIRE GRBBR W/35"" LYD",021449981606
98161,"SU300 MCM WIRE GRBBR W/14"" LYD",021449981613
98162,"SU300 MCM WIRE GRBBR W/21"" LYD",021449981620
98163,"SU300 MCM WIRE GRBBR W/28"" LYD",021449981637
98164,"SU300 MCM WIRE GRBBR W/35"" LYD",021449981644
98165,"SU350 MCM WIRE GRBBR W/14"" LYD",021449981651
98166,"SU350 MCM WIRE GRBBR W/21"" LYD",021449981668
98167,"SU350 MCM WIRE GRBBR W/28"" LYD",021449981675
98168,"SU350 MCM WIRE GRBBR W/35"" LYD",021449981682
98169,"SU400 MCM WIRE GRBBR W/14"" LYD",021449981699
98170,"SU400 MCM WIRE GRBBR W/21"" LYD",021449981705
98171,"SU400 MCM WIRE GRBBR W/28"" LYD",021449981712
98172,"SU400 MCM WIRE GRBBR W/35"" LYD",021449981729
98173,"SU500 MCM WIRE GRBBR W/14"" LYD",021449981736
98174,"SU500 MCM WIRE GRBBR W/21"" LYD",021449981743
98175,"SU500 MCM WIRE GRBBR W/28"" LYD",021449981750
98176,"SU500 MCM WIRE GRBBR W/35"" LYD",021449981767
98177,"SU600 MCM WIRE GRBBR W/14"" LYD",021449981774
98178,"SU600 MCM WIRE GRBBR W/21"" LYD",021449981781
98179,"SU600 MCM WIRE GRBBR W/28"" LYD",021449981798
98180,"SU600 MCM WIRE GRBBR W/35"" LYD",021449981804
98181,"SU750 MCM WIRE GRBBR W/14"" LYD",021449981811
98182,"SU750 MCM WIRE GRBBR W/21"" LYD",021449981828
98183,"SU750 MCM WIRE GRBBR W/28"" LYD",021449981835
98184,"SU750 MCM WIRE GRBBR W/35"" LYD",021449981842
98185,"SU1000 MCM WIRE GRBBR W/14""LYD",021449981859
98186,"SU1000 MCM WIRE GRBBR W/21""LYD",021449981866
98187,"SU1000 MCM WIRE GRBBR W/28""LYD",021449981873
98188,"SU1000 MCM WIRE GRBBR W/35""LYD",021449981880
3CGCUPG,"CG 3"" COUPLER GRAY",787790573364
3CGDUC,"CG 48"" X 3"" LINE DUCT",752830581234
3CGDUCB,"CG 48"" X 3"" LINE DUCT BROWN",752830581333
3CG45,"CG 3"" 45 DEG. ELBOW",752830582231
3CGDUCG,"CG 48"" X 3"" LINE DUCT GRAY",787790574361
3CGDUC78,"CG 78"" X 3"" LINE DUCT",752830581432
3CGDUC78B,"CG 78"" X 3"" LINE DUCT BROWN",752830581531
3CG45B,"CG 3"" 45 DEG. ELBOW BROWN",752830582330
3CGDUC78G,"CG 78"" X 3"" LINE DUCT GRAY",787790574460
3CGEND,"CG 3"" END-CAP",752830582033
3CGENDB,"CG 3"" END-CAP BROWN",752830582132
3CGENDG,"CG 3"" END-CAP GRAY",787790573562
3CGEXT90,"CG 3"" EXTERNAL 90",752830583832
3CGEXT90B,"CG 3"" EXTERNAL 90 BROWN",752830583931
3CGEXT90G,"CG 3"" EXTERNAL 90 GRAY",787790573968
3CGCUPB,"CG 3"" COUPLER BROWN",752830581937
3CGFLXA,"CG 3"" FLEX ADAPTER",752830583030
3CGFLXAB,"CG 3"" FLEX ADAPTER BROWN",752830583139
3CG45G,"CG 3"" 45 DEG. ELBOW GRAY",787790573661
3CGCUP,"CG 3"" COUPLER",752830581838
3CGFLXAG,"CG 3"" FLEX ADAPTER GRAY",787790573463
3CGFLXSM,"CG 3"" FLEX ELBOW SMALL",752830581630
3CGFLXSMB,"CG 3"" FLEX ELBOW SMALL BROWN",752830581739
3CGFLXSMG,CG FLEX ELBOW SMALL GRAY,787790573760
3CGINLT,"CG 3"" WALL INLET",752830582637
3CGINLTB,"CG 3"" WALL INLET BROWN",752830582736
3CGINLTG,"CG 3"" WALL INLET GRAY",787790574163
3CGINT90,"CG 3"" INTERNAL 90",752830583634
3CGINT90B,"CG 3"" INTERNAL 90 BROWN",752830583733
3CGINT90G,"CG 3"" INTERNAL 90 GRAY",787790573869
3CG90,"CG 3"" 90 DEG. ELBOW",752830582439
3CGKIT,"CG 3"" WALL DUCT KIT",752830584037
3CGKITB,"CG 3"" WALL DUCT KIT BROWN",752830584136
3CGKITG,"CG 3"" WALL DUCT KIT GRAY",787790574569
3CGSCRW,"CG 3"" CAM SCREW - 50PK",752830583238
3CGSCRWB,"CG 3"" CAM SCREW - 50PK (BROWN)",752830583337
3CGSCRWG,"CG 3"" CAM SCREW - 50PK (GRAY)",787790573265
3CGSTI,"CG 3"" SOFFIT INLET WHITE",752830582835
3CGSTIB,"CG 3"" SOFFIT INLET BROWN",752830582934
3CGSTIG,"CG 3"" SOFFIT INLET GRAY",787790574262
3CG90B,"CG 3"" 90 DEG. ELBOW BROWN",752830582538
3CG90G,"CG 3"" 90 DEG. ELBOW GRAY",787790574064
34EPDM,"3/4"" EPDM WASHER",021449725798
3CG90SWP,"CG 3"" 90 DEG. SWEEP",752830584433
3CG90SWPB,"CG 3"" 90 DEG. SWEEP BROWN",752830584532
3CG90SWPG,"CG 3"" 90 DEG. SWEEP GRAY",787790574668
1EPDM,"1"" EPDM WASHER",021449726566
112EPDM,"1-1/2"" EPDM WASHER",021449728782
2EPDM,"2"" EPDM WASHER",021449732086
114EPDM,"1-1/4"" EPDM WASHER",021449729895
34GASQD,"3/4"" GAS QUICK DISCONNECT",021449734264
12GASQD,"1/2"" GAS QUICK DISCONNECT",021449732932
12EPDM,"1/2"" EPDM WASHER",021449732949
ACB,AC GUARD SECURITY BAR,852056004026
ACEM40,AC EXPANDED METAL 40 X 40,752830585034
ACEM40M,AC EXPANDED METAL 40 X 40,752830585133
ACEMS,AC EXPANDED METAL SMALL (3PK),752830580831
ACEMSM,AC EXPANDED METAL SMALL (20PK),752830580930
ACGU,AC GUARD CAGE ONLY,852056004002
ACGU30,AC FIXED 30X30X30 CAGE ONLY,752830584631
ACGU30KIT,AC FIXED 30X30X30 CAGE,752830584730
ACGU30XKIT,AC ENCLOSED FIXED SIZE CAGE,752830584839
ACGUKIT,AC GUARD WITH TOP BAR & LOCKS,852056004019
ACL,AC GUARD LOCK SET,852056004033
ACLID,AC GUARD CAGE LID (30X30X30),752830584938
ACMS,AC GUARD MINI-SPLIT SECURITY,019962189845
ACMSKIT,AC GUARD MINI-SPLIT SECURITY,019962189845
BA21516,15/16? FLARE X 3/4? F.I.P. ANG,
BR1236KIT,"Big Red 3/4"" ID Gas STD Kit -",021449733045
BR1248KIT,"Big Red 3/4"" ID Gas STD Kit -",021449733052
BR1ODPVC36M12M12,"3/4"" ID SS Red Coated GC -1/2""",021449733533
BR1OD48DKIT,"Big Red 3/4"" ID Gas DLX Kit -",021449733083
BR1ODPVC60M34M34,"3/4"" ID SS Red Coated GC -3/4""",021449734042
BR1ODPVC36M34M34,"3/4"" ID SS Red Coated GC -3/4""",021449733625
BR1OD48SKIT,"Big Red 3/4"" ID Gas STD Kit -",021449733205
BR1ODPVC48M12M12,"3/4"" ID SS Red Coated GC -1/2""",021449733717
BR1OD60DKIT,"Big Red 3/4"" ID Gas DLX Kit -",021449733311
BR1OD36DKIT,"Big Red 3/4"" ID Gas DLX Kit -",021449732864
BR1ODPVC48M34M34,"3/4"" ID SS Red Coated GC -3/4""",021449733823
BR1OD60SKIT,"Big Red 3/4"" ID Gas STD Kit -",021449733427
BR1OD36SKIT,"Big Red 3/4"" ID Gas STD Kit -",021449732970
BR1ODPVCM34F3448,"3/4"" ID SS Red Coated GC -3/4""",021449733038
BS112F,"1/2"" FIP X 1/2"" (3/4-16) FLARE",021449733090
BS112FIP,"1/2"" FIP X 1/2"" FIP  GAS VALVE",021449733106
BS11515FLFIP,"3/4"" FIP X 5/8"" (15/16-16) FLA",021449733113
BS11516FL,"1/2"" FIP X 5/8"" (15/16-16) FLA",021449733120
BS134FIP,"3/4"" FIP X 3/4"" FIP  GAS VALVE",021449733144
BS138FL,"1/2"" FIP X 3/8"" (5/8-18) FLARE",021449733168
BSC126B,"Outset Jacket 1/2"" pipe- 6 ft",021449740586
BSC1275B,"Outset Jacket 1/2"" pipe 75 ft",021449740593
BSC346B,"Outset Jacket 3/4"" pipe- 6 ft",687598740602
BSC3475B,"Outset Jacket 3/4""- 75 ft",021449740616
BSC16B,"Outset Jacket 1"" pipe- 6 ft",021449740623
BSC175B,"Outset Jacket 1"" pipe- 75 ft",021449740630
CG90,"CG 4.5"" 90 DEG. ELL WHITE",019962188749
CG90B,"CG 4.5"" 90 DEG. ELL BROWN",019962846748
CG45,"CG 4.5"" 45 DEG. ELL WHITE",019962188640
CG45B,"CG 4.5"" 45 DEG. ELL BROWN",019962846649
CG45G,"CG 4.5"" 45 DEG. ELL GRAY",787790575665
CG90G,"CG 4.5"" 90 DEG. ELL GRAY",787790575764
CG90SWP,"CG 4.5"" 90 DEG. SWEEP WHITE",019962189142
CG90SWPB,"CG 4.5"" 90 DEG. SWEEP BROWN",019962847141
CG90SWPG,"CG 4.5"" 90 DEG. SWEEP GRAY",787790576167
CGCLP,"CG 4.5"" DUCT CLIPS  25PK WHITE",019962189449
CGCLPB,"CG 4.5"" DUCT CLIPS  25PK BROWN",019962847448
CGCLPG,"CG 4.5"" DUCT CLIPS  25PK GRAY",
CGCUP,"CG 4.5"" COUPLER WHITE",019962188442
CGCUPB,"CG 4.5"" COUPLER BROWN",019962846441
CGCUPG,"CG 4.5"" COUPLER GRAY",787790575467
CGDUC,"CG 4.5"" X 48"" LINE DUCT WHITE",019962188145
CGDUC78,"CG 4.5"" X 78""  LINE DUCT WHITE",019962189944
CGDUC78B,"CG 4.5"" X 78""  LINE DUCT BROWN",019962846144
CGDUC78G,"CG 4.5"" X 78"" LINE DUCT GRAY",787790575061
CGDUCB,"CG 4.5"" X 48""  LINE DUCT BROWN",019962846045
CGDUCG,"CG 4.5"" X 48"" LINE DUCT GRAY",787790575160
CGEND,"CG 4.5"" ENDCAP WHITE",019962188541
CGENDB,"CG 4.5"" ENDCAP BROWN",019962846540
CGENDG,"CG 4.5"" ENDCAP GRAY",787790575566
CGEXT90,"CG 4.5"" EXTERNAL 90 ELL WHITE",019962189647
CGEXT90B,"CG 4.5"" EXTERNAL 90 ELL BROWN",019962847646
CGEXT90G,"CG 4.5"" EXTERNAL 90 ELL GRAY",787790576464
CGFLXA,"CG 4.5"" FLEX ADAPTER WHITE",019962189241
CGFLXAB,"CG 4.5"" FLEX ADAPTER BROWN",019962847240
CGFLXAG,"CG 4.5"" FLEX ADAPTER GRAY",665878835187
CGFLXLR,"CG 4.5"" FLEX ELL LARGE WHITE",019962188244
CGFLXLRB,"CG 4.5"" FLEX ELL LARGE BROWN",019962846243
CGFLXLRG,"CG 4.5"" FLEX ELL LARGE GRAY",787790575368
CGFLXSM,"CG 4.5"" FLEX ELL SMALL WHITE",019962188343
CGFLXSMB,"CG 4.5"" FLEX ELL SMALL BROWN",019962846342
CGFLXSMG,"CG 4.5"" FLEX ELL SMALL GRAY",787790575269
CGINLT,"CG 4.5"" WALL INLET WHITE",019962188947
CGINLTB,"CG 4.5"" WALL INLET BROWN",019962846946
CGINLTG,"CG 4.5"" WALL INLET GRAY",787790576068
CGINT90,"CG 4.5"" INTERNAL 90 ELL WHITE",019962189548
CGINT90B,"CG 4.5"" INTERNAL 90 ELL BROWN",019962847547
CGINT90G,"CG 4.5"" INTERNAL 90 ELL GRAY",787790576563
CGKIT,"CG 4.5"" WALL DUCT KIT WHITE",019962188046
CGKITB,"CG 4.5"" WALL DUCT KIT BROWN",019962847745
CGKITG,"CG 4.5"" WALL DUCT KIT GRAY",787790576365
CGRDR,"CG 4.5"" REDUCER WHITE",752830585232
CGRDRB,"CG 4.5"" REDUCER BROWN",752830585331
CGRDRG,"CG 4.5"" REDUCER GRAY",665878835194
CGSCRW,"CG 4.5"" CAM SCREW 50PK WHITE",019962189340
CGSCRWB,"CG 4.5"" CAM SCREW  50PK BROWN",019962847349
CGSCRWG,"CG 4.5"" CAM SCREW  50PK GRAY",787790576266
CGSTI,"CG 4.5"" SOFFIT INLET WHITE",752830584235
CGSTIB,"CG 4.5"" SOFFIT INLET BROWN",752830584334
CGSTIG,"CG 4.5"" SOFFIT INLET GRAY",787790576662
CGTEE,"CG 4.5"" TEE ELL WHITE",019962188848
CGTEEB,"CG 4.5"" TEE ELL BROWN",019962846847
CGTEEG,"CG 4.5"" TEE ELL GRAY",787790575863
CGWLFL,"CG 4.5"" WALL FLANGE WHITE",019962189043
CGWLFLB,"CG 4.5"" WALL FLANGE BROWN",019962847042
CGWLFLG,"CG 4.5"" WALL FLANGE GRAY",787790575962
CLACKSET,"NUT, SPLIT RING, O-RING FOR CL",021449733298
CLKQC34FIP18,"3/4"" I.D. SS FLEX WITH CLACK Q",021449734998
CLKQC34FIP24,"3/4"" I.D. SS FLEX WITH CLACK Q",021449735001
CLKQC1FIP18,"1"" I.D. SS FLEX WITH CLACK QC",021449734820
CLKQC1FIP24,"1"" I.D. SS FLEX WITH CLACK QC",021449734936
CLKQCQC24,"1"" I.D. SS FLEX WITH CLACK QC",021449725477
CLKQCQC18,"1"" I.D. SS FLEX WITH CLACK QC",021449735018
DUCKT1404KIT20,14-4 20ft Coil Kit w/Cnnctrs,021449748575
DUCKT1404CPK100,14-4 100ft Shrink Wrapped Coil,860010044407
DUCKT1404PB250,14-4 250ft Pull Box Reel,860010044414
DUCKT1404500,14-4 DUCKT-STRIP 500ft REEL,
DUCKTCONNPKUNI,14-4 Uni Indoor/Outdoor Cnectr,860010044452
DUCKTSTRIP5100,"3X14,2X16 Samsung 100ft coil",860010044438
DUCKTSTRIP5250,"3X14,2X16 Samsung 250ft coil",860010044445
EXPT10,THERMAL EXPANSION TANK - 10.1,021449725484
EXPT14,THERMAL EXPANSION TANK - 14.5,021449725491
EXPT2,THERMAL EXPANSION TANK - 2.1 G,021449725507
EXPT4,THERMAL EXPANSION TANK - 4.8 G,021449725514
EXPTMINI,"MINI EXPANSION TANK - 1/2"" MIP",021449725521
FF12,"3/4"" I.D. SS FLEX WITH 3/4"" FI",021449725538
FF15,"3/4"" I.D. SS FLEX WITH 3/4"" FI",021449725545
FF18,"3/4"" I.D. SS FLEX WITH 3/4"" FI",021449725552
FF24,"3/4"" I.D. SS FLEX WITH 3/4"" FI",021449725569
FF60,"3/4"" I.D. SS FLEX WITH 3/4"" FI",021449725606
FF36,"3/4"" I.D. SS FLEX WITH 3/4"" FI",021449735025
FF48,"3/4"" I.D. SS FLEX WITH 3/4"" FI",021449735032
FM24,"3/4"" I.D. SS FLEX WITH 3/4"" FI",021449725712
FM112,"1"" I.D. SS FLEX WITH 1"" FIP X",762210120120
FM118,"1"" I.D. SS FLEX WITH 1"" FIP X",021449725620
FM12,"3/4"" I.D. SS FLEX WITH 3/4"" FI",762210130129
FM124,"1"" I.D. SS FLEX WITH 1"" FIP X",021449725644
FM15,"3/4"" I.D. SS FLEX WITH 3/4"" FI",762210130150
FM18,"3/4"" I.D. SS FLEX WITH 3/4"" FI",021449725675
FSPP18,"3/4"" I.D. SS FLEX WITH 3/4"" FI",021449725729
FSPP24,"3/4"" I.D. SS FLEX WITH 3/4"" FI",021449725736
GDL2000,"2"" Drain Lock w/SS strainer",021449748193
GDL3000,"3"" Drain Lock w/SS strainer",021449748209
GDL4000,"4"" Drain Lock w/SS strainer",021449748216
GDLDOME2000,"2"" Drain-Lock w/Al cast dome",021449748223
GDLDOME3000,"3"" Drain-Lock w/Al cast dome",021449748230
GDLDOME4000,"4"" Drain-Lock w/Al cast dome",021449748247
GDLDUO4500BSKR,"9.5"" round sediment basket",021449748377
GDLDUO4500BSKS,"8.5"" square sediment basket",021449748384
GDLRFD3500J,"4.65"" nickel brnz rnd plate",021449748254
GDLRFD3500S,"4.70"" nickel brnz rnd plate",021449748261
GDLRFD3500Z,"5.00"" nickel brnz rnd plate",021449748278
GDLRLO3500J,"4.65"" nickel brnz rnd w/flap",021449748285
GDLRLO3500S,"4.70"" nickel brnz rnd w/flap",021449748292
GDLRLO3500Z,"5.00"" nickel brnz rnd w/flap",021449748308
GDLSFD3500J,"4.52"" nickel brnz squ plate",021449748315
GDLSFD3500S,"4.57"" nickel brnz squ plate",021449748322
GDLSFD3500Z,"4.68"" nickel brnz squ plate",021449748339
GDLSLO3500J,"4.52"" nickel brnz squ w/flap",021449748346
GDLSLO3500S,"4.57"" nickel brnz squ w/flap",021449748353
GDLSLO3500Z,"4.68"" nickel brnz squ w/flap",021449748360
GDLT40,GDL T40 Tamperproof Key,021449748391
GDLT45,GDL T45 Tamperproof Key,021449748407
GFF030418,"3/4"" O.D. SS FLEX WITH 3/4"" FI",021449725743
GFF030424,"3/4"" O.D. SS FLEX WITH 3/4"" FI",021449725774
INTSHEET,"MISC,INTUMESCENT SHEET",
PEXGF18,"3/4"" O.D. SS FLEX WITH 3/4"" FI",021449725880
PEXGF24,"3/4"" O.D. SS FLEX WITH 3/4"" FI",021449725897
PS15,"STEEL GAS FITTING 15/16""-16 UN",021449733694
PS16,"STEEL GAS FITTING 15/16""-16 UN",021449733700
PS17,"STEEL GAS FITTING 1-1/8""-16 UN",021449733724
PS4,"STEEL GAS FITTING 3/4""-16 UNF",021449733793
PS6,"STEEL GAS FITTING 15/16""-16 UN",021449733816
PTC34JG114N18A,"3/4"" I.D. SS FLEX WITH 3/4"" JG",021449734110
PTC34JG13412UN24A,"3/4"" I.D. SS FLEX WITH 3/4"" JG",762210166258
PTC34JG18A,"3/4"" I.D. SS FLEX WITH 3/4"" JG",021449734134
PTC34JG1N18A,"3/4"" I.D. SS FLEX WITH 3/4"" JG",021449734141
PTC34JG1N24A,"3/4"" I.D. SS FLEX WITH 3/4"" JG",021449734165
PTC34JG24A,"3/4"" I.D. SS FLEX WITH 3/4"" JG",021449734172
PTC34JGCLKQC18A,"3/4"" I.D. SS FLEX WITH 3/4"" JG",021449734202
PTC34JGCLKQC24A,"3/4"" I.D. SS FLEX WITH 3/4"" JG",021449734219
PTC34JGH114N18A,"3/4"" JG PTC X 1-1/4 GREY NYLON",
PTC34JGH114N24A,"3/4"" JG PTC X 1-1/4 GREY NYLON",
PTC121216A,"1/2"" I.D. SS FLEX WITH 1/2"" JG",762210166616
PTC123424A,"1/2"" I.D. SS FLEX WITH 1/2"" JG",762210166425
PTC1JG114N18A,"1"" I.D. SS FLEX WITH 1"" JG PTC",021449733892
PTC1JG114N24A,"1"" I.D. SS FLEX WITH 1"" JG PTC",021449733908
PTC1JG13412UN24GEA,"1"" I.D. SS FLEX WITH 1"" JG PTC",762210166272
PTC1JG1N18A,"1"" I.D. SS FLEX WITH 1"" JG PTC",021449733946
PTC1JG1N24A,"1"" I.D. SS FLEX WITH 1"" JG PTC",021449733953
PTC1JGCLKQC18A,"1"" I.D. SS FLEX WITH 1"" JG PTC",021449733960
PTC1JGCLKQC24A,"1"" I.D. SS FLEX WITH 1"" JG PTC",021449733977
PTC1JGH114N18A,"1"" JG PTC X 1-1/4 GREY NYLON N",
PTC1JGH114N24A,"1"" JG PTC X 1-1/4 GREY NYLON N",
PTCFIPV18A,"3/4"" ID SS FLEX WITH 3/4"" PTC",021449734240
PTCFIPV24A,"3/4"" ID SS FLEX WITH 3/4"" PTC",021449734257
PTCPTC3418A,"3/4"" I.D. SS FLEX WITH 3/4"" JG",021449735292
S0116,"7/16"" O.D. SS FLEX WITH 3/8"" C",021449726207
S0148,"7/16"" O.D. SS FLEX WITH 3/8"" C",762210010483
S0160,"7/16"" O.D. SS FLEX WITH 3/8"" C",762210010605
S0212,"1/2"" I.D. SS FLEX WITH 1/2"" FI",021449726269
S0216,"1/2"" I.D. SS FLEX WITH 1/2"" FI",021449726276
S0220,"1/2"" I.D. SS FLEX WITH 1/2"" FI",021449726283
S0230,"1/2"" I.D. SS FLEX WITH 1/2"" FI",021449726290
S0236,"1/2"" I.D. SS FLEX WITH 1/2"" FI",021449726306
S0260,"1/2"" I.D. SS FLEX WITH 1/2"" FI",762210120601
S0312,"7/16"" O.D. SS FLEX WITH 1/2"" F",021449726337
S0316,"7/16"" O.D. SS FLEX WITH 1/2"" F",021449726351
S0320,"7/16"" O.D. SS FLEX WITH 1/2"" F",021449726368
S0330,"7/16"" O.D. SS FLEX WITH 1/2"" F",762210123305
SGC58OD24M34M34,"1/2"" ID SS GAS CONNECTOR-3/4""",021449729864
SGC12OD12M38M38,"3/8"" ID SS GAS CONNECTOR - 3/8",021449726535
SGC12OD60M12F12,"3/8"" ID SS GAS CONNECTOR - 1/2",021449727020
SGC12ODC30M38M38,"3/8"" ID SS COATED GAS CONNECTO",021449727518
SGC12ODS1C12,"3/8"" ID SS COATED GC -1/2"" MIP",021449727976
SGC12ODS1C18,"3/8"" ID SS COATED GC -1/2"" MIP",021449727983
SGC12ODS1C24,"3/8"" ID SS COATED GC -1/2"" MIP",021449727990
SGC38ODC24M12M12,"1/4"" ID SS COATED GAS CONNECTO",021449728942
SGC12OD60M12M12,"3/8"" ID SS GAS CONNECTOR - 1/2",021449727044
SGC12ODC36M12F12,"3/8"" ID SS COATED GAS CONNECTO",021449727549
SGC12ODS1C30,"3/8"" ID SS COATED GC -1/2"" MIP",021449728003
SGC12ODS1C36,"3/8"" ID SS COATED GC -1/2"" MIP",021449728027
SGC38ODC24M38F38,"1/4"" ID SS COATED GAS CONNECTO",021449728966
SGC12OD18M12F12,"3/8"" ID SS GAS CONNECTOR - 1/2",021449726580
SGC12OD60M38M38,"3/8"" ID SS GAS CONNECTOR - 3/8",021449727075
SGC12ODC36M12M12,"3/8"" ID SS COATED GAS CONNECTO",021449727570
SGC12ODS1C48,"3/8"" ID SS COATED GC -1/2"" MIP",021449728034
SGC12ODS1C60,"3/8"" ID SS COATED GC -1/2"" MIP",021449728041
SGC12ODS1C72,"3/8"" ID SS COATED GC -1/2"" MIP",021449728058
SGC38ODC30M12F12,"1/4"" ID SS COATED GAS CONNECTO",021449729000
SGC38ODS1C12,"1/4"" ID SS COATED GC-1/2"" MIP",021449729499
SGC12OD18M12M12,"3/8"" ID SS GAS CONNECTOR - 1/2",021449726603
SGC12OD72M12F12,"3/8"" ID SS GAS CONNECTOR - 1/2",762210234728
SGC12ODC36M38M38,"3/8"" ID SS COATED GAS CONNECTO",021449727600
SGC1ODC12M34F34,"3/4"" ID SS COATED GAS CONNECTO",021449728065
SGC1ODC12M34M34,"3/4"" ID SS COATED GAS CONNECTO",021449728072
SGC1ODC18M34F34,"3/4"" ID SS COATED GAS CONNECTO",021449728089
SGC38OD36M12F12,"1/4"" ID SS GAS CONNECTOR - 1/2",021449728553
SGC38ODC30M12M12,"1/4"" ID SS COATED GAS CONNECTO",021449729031
SGC38ODS1C18,"1/4"" ID SS COATED GC-1/2"" MIP",021449729505
SGC38ODS1C24,"1/4"" ID SS COATED GC-1/2"" MIP",021449729512
SGC38ODS1C30,"1/4"" ID SS COATED GC-1/2"" MIP",021449729529
SGC12OD18M38M38,"3/8"" ID SS GAS CONNECTOR - 3/8",021449726634
SGC1ODC18M34M34,"3/4"" ID SS COATED GAS CONNECTO",021449728096
SGC1ODC24M34F34,"3/4"" ID SS COATED GAS CONNECTO",021449728102
SGC1ODC24M34M34,"3/4"" ID SS COATED GAS CONNECTO",021449728119
SGC38OD36M12M12,"1/4"" ID SS GAS CONNECTOR - 1/2",021449728584
SGC38ODC30M38F38,"1/4"" ID SS COATED GAS CONNECTO",021449729055
SGC38ODS1C36,"1/4"" ID SS COATED GC-1/2"" MIP",021449729536
SGC38ODS1C48,"1/4"" ID SS COATED GC-1/2"" MIP",021449729543
SGC38ODS1C60,"1/4"" ID SS COATED GC-1/2"" MIP",021449729550
SGC12OD24M12F12,"3/8"" ID SS GAS CONNECTOR - 1/2",021449726665
SGC12ODC48M12F12,"3/8"" ID SS COATED GAS CONNECTO",021449727655
SGC1ODC36M34F34,"3/4"" ID SS COATED GAS CONNECTO",021449728140
SGC38OD36M38F38,"1/4"" ID SS GAS CONNECTOR -3/8""",021449728607
SGC38ODC36M12F12,"1/4"" ID SS COATED GAS CONNECTO",021449729093
SGC38ODS1C72,"1/4"" ID SS COATED GC-1/2"" MIP",021449729574
SGC12OD24M12M12,"3/8"" ID SS GAS CONNECTOR - 1/2",021449726696
SGC12ODC12M12F12,"3/8"" ID SS COATED GAS CONNECTO",021449727198
SGC12ODC48M12M12,"3/8"" ID SS COATED GAS CONNECTO",021449727693
SGC1ODC36M34M34,"3/4"" ID SS COATED GAS CONNECTO",021449728157
SGC1ODC48M34F34,"3/4"" ID SS COATED GAS CONNECTO",021449728164
SGC1ODC48M34M34,"3/4"" ID SS COATED GAS CONNECTO",021449728171
SGC38OD48M12F12,"1/4"" ID SS GAS CONNECTOR - 1/2",021449728645
SGC38ODC36M12M12,"1/4"" ID SS COATED GAS CONNECTO",021449729116
SGC58OD12M12F12,"1/2"" ID SS GAS CONNECTOR-1/2""",021449729611
SGC12OD24M38M38,"3/8"" ID SS GAS CONNECTOR - 3/8",021449726726
SGC12ODC12M12M12,"3/8"" ID SS COATED GAS CONNECTO",021449727211
SGC12ODC48M38M38,"3/8"" ID SS COATED GAS CONNECTO",021449727723
SGC38OD12M12F12,"1/4"" ID SS GAS CONNECTOR - 1/2",021449728201
SGC38OD48M12M12,"1/4"" ID SS GAS CONNECTOR - 1/2",021449728669
SGC38ODC36M38F38,"1/4"" ID SS COATED GAS CONNECTO",021449729147
SGC58OD12M12M12,"1/2"" ID SS GAS CONNECTOR-1/2""",021449729628
SGC12ODC12M38M38,"3/8"" ID SS COATED GAS CONNECTO",021449727259
SGC12ODC60M12F12,"3/8"" ID SS COATED GAS CONNECTO",021449727754
SGC38OD12M12M12,"1/4"" ID SS GAS CONNECTOR - 1/2",021449728225
SGC38OD48M38F38,"1/4"" ID SS GAS CONNECTOR -3/8""",021449728690
SGC38ODC48M12F12,"1/4"" ID SS COATED GAS CONNECTO",021449729185
SGC58OD12M34F34,"1/2"" ID SS GAS CONNECTOR-3/4""",021449729659
SGC58OD12M34M34,"1/2"" ID SS GAS CONNECTOR-3/4""",021449729666
SGC12ODC18M12F12,"3/8"" ID SS COATED GAS CONNECTO",021449727280
SGC12ODC60M12M12,"3/8"" ID SS COATED GAS CONNECTO",021449727761
SGC38OD12M38F38,"1/4"" ID SS GAS CONNECTOR -3/8""",021449728256
SGC38ODC12M12F12,"1/4"" ID SS COATED GAS CONNECTO",021449728737
SGC38ODC48M12M12,"1/4"" ID SS COATED GAS CONNECTO",021449729208
SGC38ODC48M38F38,"1/4"" ID SS COATED GAS CONNECTO",021449729222
SGC12ODC18M12M12,"3/8"" ID SS COATED GAS CONNECTO",021449727303
SGC12ODC60M38M38,"3/8"" ID SS COATED GAS CONNECTO",021449727808
SGC38OD18M12F12,"1/4"" ID SS GAS CONNECTOR - 1/2",021449728294
SGC38ODC12M12M12,"1/4"" ID SS COATED GAS CONNECTO",021449728751
SGC38ODC12M38F38,"1/4"" ID SS COATED GAS CONNECTO",021449728775
SGC58OD18M12F12,"1/2"" ID SS GAS CONNECTOR-1/2""",021449729710
SGC58OD18M12M12,"1/2"" ID SS GAS CONNECTOR-1/2""",021449729727
SGC12OD36M12F12,"3/8"" ID SS GAS CONNECTOR - 1/2",021449726849
SGC12OD36M12M12,"3/8"" ID SS GAS CONNECTOR - 1/2",021449726863
SGC12ODC18M38M38,"3/8"" ID SS COATED GAS CONNECTO",021449727334
SGC12ODC72M12F12,"3/8"" ID SS COATED GAS CONNECTO",021449727839
SGC12ODC72M12M12,"3/8"" ID SS COATED GAS CONNECTO",021449727846
SGC38OD18M12M12,"1/4"" ID SS GAS CONNECTOR - 1/2",021449728317
SGC38ODC60M12F12,"1/4"" ID SS COATED GAS CONNECTO",021449729277
SGC58OD18M34F34,"1/2"" ID SS GAS CONNECTOR-3/4""",021449729758
SGC58OD18M34M34,"1/2"" ID SS GAS CONNECTOR-3/4""",021449729765
SGC114ODC18M1F1,"1"" ID SS COATED GC-1"" MIP",021449726399
SGC114ODC18M1M1,"1"" ID SS COATED GC-1"" MIP",021449726405
SGC114ODC24M1F1,"1"" ID SS COATED GC-1"" MIP",021449726412
SGC12OD36M38M38,"3/8"" ID SS GAS CONNECTOR - 3/8",021449726894
SGC12ODC24M12F12,"3/8"" ID SS COATED GAS CONNECTO",021449727372
SGC12ODC24M12M12,"3/8"" ID SS COATED GAS CONNECTO",021449727396
SGC12ODC72M38M38,"3/8"" ID SS COATED GAS CONNECTO",021449727877
SGC38OD18M38F38,"1/4"" ID SS GAS CONNECTOR -3/8""",021449728331
SGC38OD18M38M38,"1/4"" ID SS GAS CONNECTOR -3/8""",762210111180
SGC38ODC18M12F12,"1/4"" ID SS COATED GAS CONNECTO",021449728836
SGC38ODC60M12M12,"1/4"" ID SS COATED GAS CONNECTO",021449729291
SGC38ODC60M38F38,"1/4"" ID SS COATED GAS CONNECTO",021449729314
SGC114ODC24M1M1,"1"" ID SS COATED GC-1"" MIP",021449726429
SGC114ODC36M1F1,"1"" ID SS COATED GC-1"" MIP",021449726436
SGC114ODC36M1M1,"1"" ID SS COATED GC-1"" MIP",021449726443
SGC12ODC24M38M38,"3/8"" ID SS COATED GAS CONNECTO",021449727426
SGC12ODS118,"3/8"" ID SS GAS CONNECTOR-1/2""",021449727891
SGC38OD24M12F12,"1/4"" ID SS GAS CONNECTOR - 1/2",021449728386
SGC38ODC18M12M12,"1/4"" ID SS COATED GAS CONNECTO",021449728850
SGC58OD24M12F12,"1/2"" ID SS GAS CONNECTOR-1/2""",021449729819
SGC58OD24M12M12,"1/2"" ID SS GAS CONNECTOR-1/2""",021449729826
SGC12OD48M12F12,"3/8"" ID SS GAS CONNECTOR - 1/2",021449726931
SGC12OD48M12M12,"3/8"" ID SS GAS CONNECTOR - 1/2",021449726955
SGC12ODS124,"3/8"" ID SS GAS CONNECTOR-1/2""",021449727914
SGC12ODS136,"3/8"" ID SS GAS CONNECTOR-1/2""",021449727938
SGC38OD24M12M12,"1/4"" ID SS GAS CONNECTOR - 1/2",021449728409
SGC38ODC18M38F38,"1/4"" ID SS COATED GAS CONNECTO",021449728874
SGC38ODC72M12F12,"1/4"" ID SS COATED GAS CONNECTO",021449729369
SGC38ODC72M12M12,"1/4"" ID SS COATED GAS CONNECTO",021449729376
SGC58OD24M34F34,"1/2"" ID SS GAS CONNECTOR-3/4""",021449729857
SGC12OD12M12F12,"3/8"" ID SS GAS CONNECTOR - 1/2",021449726481
SGC12OD12M12M12,"3/8"" ID SS GAS CONNECTOR - 1/2",021449726504
SGC12OD48M38M38,"3/8"" ID SS GAS CONNECTOR - 3/8",021449726986
SGC12ODC30M12F12,"3/8"" ID SS COATED GAS CONNECTO",021449727464
SGC12ODC30M12M12,"3/8"" ID SS COATED GAS CONNECTO",021449727488
SGC38OD24M38F38,"1/4"" ID SS GAS CONNECTOR -3/8""",021449728423
SGC38ODC24M12F12,"1/4"" ID SS COATED GAS CONNECTO",021449728928
SGC38ODC72M38F38,"1/4"" ID SS COATED GAS CONNECTO",021449729390
SGC58OD3MS3C24,"1/2"" ID SS COATED GC-3/4"" MIP",021449730143
SGC58OD3MS3C36,"1/2"" ID SS COATED GC-3/4"" MIP",021449730167
SGC58ODA3C36,"1/2"" ID SS COATED GC-1/2"" MIP",762210630360
SGC58ODA3C48,"1/2"" ID SS COATED GC-1/2"" MIP",762210630483
SGC58ODC36M12F12,"1/2"" ID SS COATED GAS CONNECTO",021449731119
SGC58ODC36M12M12,"1/2"" ID SS COATED GAS CONNECTO",021449731133
SGC58OD3MS3C48,"1/2"" ID SS COATED GC-3/4"" MIP",021449730174
SGC58OD3MS3C60,"1/2"" ID SS COATED GC-3/4"" MIP",762210659606
SGC58ODC36M12M34,"1/2"" ID SS COATED GAS CONNECTO",021449731140
SGC58ODC36M34F34,"1/2"" ID SS COATED GAS CONNECTO",021449731164
SGC58OD48M12F12,"1/2"" ID SS GAS CONNECTOR-1/2""",021449730228
SGC58ODC12M12F12,"1/2"" ID SS COATED GAS CONNECTO",021449730716
SGC58ODC36M34M34,"1/2"" ID SS COATED GAS CONNECTO",021449731171
SGC58ODC48F12F12,"1/2"" ID SS COATED GAS CONNECTO",762210644480
SGC58OD48M12M12,"1/2"" ID SS GAS CONNECTOR-1/2""",021449730242
SGC58ODC12M12M12,"1/2"" ID SS COATED GAS CONNECTO",021449730723
SGC58ODC12M12M34,"1/2"" ID SS COATED GAS CONNECTO",021449730730
SGC58ODC48F34F34,"1/2"" ID SS COATED GAS CONNECTO",762210666482
SGC58ODC48M12F12,"1/2"" ID SS COATED GAS CONNECTO",021449731218
SGC58ODC48M12M12,"1/2"" ID SS COATED GAS CONNECTO",021449731225
SGC58ODS2C18,"1/2"" ID SS COATED GC-1/2"" MIP",021449731683
SGC58ODS2C24,"1/2"" ID SS COATED GC-1/2"" MIP",021449731690
SGC58ODS2C30,"1/2"" ID SS COATED GC-1/2"" MIP",021449731706
SGC58OD48M34F12,"1/2"" ID SS GAS CONNECTOR-3/4""",021449730266
SGC58OD48M34F34,"1/2"" ID SS GAS CONNECTOR-3/4""",021449730273
SGC58OD48M34M34,"1/2"" ID SS GAS CONNECTOR-3/4""",021449730280
SGC58ODC12M34F34,"1/2"" ID SS COATED GAS CONNECTO",021449730754
SGC58ODC12M34M34,"1/2"" ID SS COATED GAS CONNECTO",021449730761
SGC58ODC48M12M34,"1/2"" ID SS COATED GAS CONNECTO",021449731249
SGC58ODS2C36,"1/2"" ID SS COATED GC-1/2"" MIP",021449731720
SGC58ODC48M34F34,"1/2"" ID SS COATED GAS CONNECTO",021449731263
SGC58ODC48M34M34,"1/2"" ID SS COATED GAS CONNECTO",021449731270
SGC58ODS2C48,"1/2"" ID SS COATED GC-1/2"" MIP",021449731744
SGC58ODS2C60,"1/2"" ID SS COATED GC-1/2"" MIP",021449731768
SGC58OD60M12F12,"1/2"" ID SS GAS CONNECTOR-1/2""",021449730327
SGC58OD60M12M12,"1/2"" ID SS GAS CONNECTOR-1/2""",021449730334
SGC58ODC18M12F12,"1/2"" ID SS COATED GAS CONNECTO",021449730815
SGC58ODC18M12M12,"1/2"" ID SS COATED GAS CONNECTO",021449730822
SGC58ODC18M12M34,"1/2"" ID SS COATED GAS CONNECTO",021449730839
SGC58ODC60M12F12,"1/2"" ID SS COATED GAS CONNECTO",021449731317
SGC58ODS2C72,"1/2"" ID SS COATED GC-1/2"" MIP",021449731782
SGC58OD60M34F12,"1/2"" ID SS GAS CONNECTOR-3/4""",762210354600
SGC58OD60M34F34,"1/2"" ID SS GAS CONNECTOR-3/4""",021449730372
SGC58ODC18M34F34,"1/2"" ID SS COATED GAS CONNECTO",021449730853
SGC58ODC18M34M34,"1/2"" ID SS COATED GAS CONNECTO",021449730860
SGC58ODC60M12M12,"1/2"" ID SS COATED GAS CONNECTO",021449731324
SGC58ODC60M12M34,"1/2"" ID SS COATED GAS CONNECTO",021449731331
SGC58OD60M34M34,"1/2"" ID SS GAS CONNECTOR-3/4""",021449730389
SGC58ODC24F12F12,"1/2"" ID SS COATED GAS CONNECTO",762210644244
SGC58ODC60M34F34,"1/2"" ID SS COATED GAS CONNECTO",021449731362
SGC58ODC60M34M34,"1/2"" ID SS COATED GAS CONNECTO",021449731379
SGC58OD30M12M12,"1/2"" ID SS GAS CONNECTOR-1/2""",762210333308
SGC58OD72M12M12,"1/2"" ID SS GAS CONNECTOR-1/2""",762210333728
SGC58ODC24F34F34,"1/2"" ID SS COATED GAS CONNECTO",762210666246
SGC58ODC24M12F12,"1/2"" ID SS COATED GAS CONNECTO",021449730914
SGC58ODC24M12M12,"1/2"" ID SS COATED GAS CONNECTO",021449730921
SGC58OD30M34F34,"1/2"" ID SS GAS CONNECTOR-3/4""",762210356307
SGC58OD30M34M34,"1/2"" ID SS GAS CONNECTOR-3/4""",762210355300
SGC58ODC24M12M34,"1/2"" ID SS COATED GAS CONNECTO",021449730938
SGC58ODC24M34F12,"1/2"" ID SS COATED GAS CONNECTO",762210654243
SGC58ODC24M34F34,"1/2"" ID SS COATED GAS CONNECTO",021449730952
SGC58ODC72M12F12,"1/2"" ID SS COATED GAS CONNECTO",021449731416
SGC58ODC72M12M12,"1/2"" ID SS COATED GAS CONNECTO",021449731423
SGC58ODC72M12M34,"1/2"" ID SS COATED GAS CONNECTO",021449731430
SGC58OD36F12F12,"1/2"" ID SS GAS CONNECTOR-1/2""",021449729987
SGC58OD72M34F34,"1/2"" ID SS GAS CONNECTOR-3/4""",762210356727
SGC58ODC24M34M34,"1/2"" ID SS COATED GAS CONNECTO",021449730969
SGC58ODC72M34F34,"1/2"" ID SS COATED GAS CONNECTO",021449731461
SGC58OD36M12F12,"1/2"" ID SS GAS CONNECTOR-1/2""",021449730020
SGC58OD36M12M12,"1/2"" ID SS GAS CONNECTOR-1/2""",021449730037
SGC58ODC72M34M34,"1/2"" ID SS COATED GAS CONNECTO",021449731478
SGC58OD36M34F34,"1/2"" ID SS GAS CONNECTOR-3/4""",021449730068
SGC58ODC30M12F12,"1/2"" ID SS COATED GAS CONNECTO",021449731027
SGC58ODC30M12M12,"1/2"" ID SS COATED GAS CONNECTO",021449731034
SGC58ODC30M12M34,"1/2"" ID SS COATED GAS CONNECTO",021449731041
SGC58ODS3C18,"1/2"" ID SS COATED GC-1/2"" MIP",021449732000
SGC12ODBC12,"3/8"" ID SS BLACK POLY COATED -",021449734417
SGC58OD36M34M34,"1/2"" ID SS GAS CONNECTOR-3/4""",021449730075
SGC58OD3MS2C24,"1/2"" ID SS COATED GC-3/4"" MIP",021449730105
SGC58ODA3C12,"1/2"" ID SS COATED GC-1/2"" MIP",762210630124
SGC58ODC30M34F34,"1/2"" ID SS COATED GAS CONNECTO",021449731065
SGC58ODC30M34M34,"1/2"" ID SS COATED GAS CONNECTO",021449731072
SGC58ODS3C24,"1/2"" ID SS COATED GC-1/2"" MIP",021449732017
SGC58ODS3C36,"1/2"" ID SS COATED GC-1/2"" MIP",021449732031
SGC58OD3MS3C18,"1/2"" ID SS COATED GC-3/4"" MIP",021449730136
SGC58ODA3C24,"1/2"" ID SS COATED GC-1/2"" MIP",021449730600
SGC58ODC36F12F12,"1/2"" ID SS COATED GAS CONNECTO",762210644367
SGC58ODS3C48,"1/2"" ID SS COATED GC-1/2"" MIP",021449732048
SWC106,"1"" I.D. SS FLEX WITH 1"" FIP X",
SWC112,"1"" I.D. SS FLEX WITH 1"" FIP X",021449732130
SWC11218,"1-1/2"" I.D. SS FLEX WITH 1-1/2",021449732154
SWC11218OVERBRAID,"1-1/2"" I.D. SS FLEX WITH 1-1/2",021449732161
SWC11224,"1-1/2"" I.D. SS FLEX WITH 1-1/2",021449732178
SWC11224OVERBRAID,"1-1/2"" I.D. SS FLEX WITH 1-1/2",021449732185
SWC11418,"1-1/4"" I.D. SS FLEX WITH 1-1/4",021449732239
SWC11418OVERBRAID,"1-1/4"" I.D. SS FLEX WITH 1-1/4",021449732246
SWC11424,"1-1/4"" I.D. SS FLEX WITH 1-1/4",021449732253
SWC11424OVERBRAID,"1-1/4"" I.D. SS FLEX WITH 1-1/4",021449732260
SWC118,"1"" I.D. SS FLEX WITH 1"" FIP X",021449732277
SWC118OVERBRAID,"1"" I.D. SS FLEX WITH 1"" FIP X",021449732284
SWC124,"1"" I.D. SS FLEX WITH 1"" FIP X",021449732291
SWC124OVERBRAID,"1"" I.D. SS FLEX WITH 1"" FIP X",021449732307
SWC13418,"3/4"" I.D. SS FLEX WITH 1"" FIP",021449732321
SWC13424,"3/4"" I.D. SS FLEX WITH 1"" FIP",021449732338
SWC136,"1"" I.D. SS FLEX WITH 1"" FIP X",021449732345
SWC148,"1"" I.D. SS FLEX WITH 1"" FIP X",762210100481
SWC218,"2"" I.D. SS FLEX WITH 2"" FIP X",021449732369
SWC218OVERBRAID,"2"" OVERBRAID I.D. SS FLEX WITH",021449732376
SWC224,"2"" I.D. SS FLEX WITH 2"" FIP X",021449732383
SWC224OVERBRAID,"2"" OVERBRAID I.D. SS FLEX WITH",021449732390
SWC3MF15OB,"3"" FIP X 3"" MIP SS FLEX HI FLO",
SWC3MF18OB,"3"" FIP X 3"" MIP SS FLEX HI FLO",
SWC34006,"3/4"" I.D. SS FLEX WITH 3/4"" FI",021449732413
SWC3MF24OB,"3"" FIP X 3"" MIP SS FLEX HI FLO",
SWC34007,"3/4"" I.D. SS FLEX WITH 3/4"" FI",021449732437
SWC34012,"3/4"" I.D. SS FLEX WITH 3/4"" FI",021449732451
SWC34015,"3/4"" I.D. SS FLEX WITH 3/4"" FI",021449732468
SWC34018,"3/4"" I.D. SS FLEX WITH 3/4"" FI",021449732475
SWC34018OVERBRAID,"3/4"" ID ULTRA-FLEX 3/4"" FIP X",021449732482
SWC34024,"3/4"" I.D. SS FLEX WITH 3/4"" FI",021449732499
SWC34024OVERBRAID,"3/4"" ID ULTRA-FLEX 3/4"" FIP X",021449732505
SWC3FM15OVERBRAID,"3"" FIP X 3"" MIP SSC  HI FLOW C",
SWCN114112,"1"" I.D. SS FLEX WITH 1-1/4"" NY",021449732550
SWCN114115,"1"" I.D. SS FLEX WITH 1-1/4"" NY",762210410153
SWCN114118,"1"" I.D. SS FLEX WITH 1-1/4"" NY",021449732574
SWCN114124,"1"" I.D. SS FLEX WITH 1-1/4"" NY",021449732581
SWCN1143415,"3/4"" I.D. SS FLEX WITH 1-1/4""",762210434159
SWCN1143418,"3/4"" I.D. SS FLEX WITH 1-1/4""",021449732604
SWCN1143424,"3/4"" I.D. SS FLEX WITH 1-1/4""",021449732611
SWCN134112,"1"" I.D. SS FLEX WITH 1-3/4""-12",
SWCN134118,"1"" I.D. SS FLEX WITH 1-3/4""-12",762210134110
SWCN13418,"3/4"" I.D. SS FLEX WITH 1"" NYLO",021449732659
SWCN1343412,"3/4"" I.D. SS FLEX WITH 1-3/4""-",
SWCN1343418,"3/4"" I.D. SS FLEX WITH 1-3/4""-",762210543189
SWTF124,"1"" I.D. SS FLEX WITH  1"" FIP X",021449735087
SWTF115,"1"" I.D. SS FLEX WITH  1"" FIP X",021449732680
SWTF118,"1"" I.D. SS FLEX WITH  1"" FIP X",021449732697
SWTF13418,"3/4"" I.D. SS FLEX WITH 1"" FIP",021449732710
SWTF13424,"3/4"" I.D. SS FLEX WITH 1"" FIP",021449732727
SWTF15,"3/4"" I.D. SS FLEX WITH 3/4"" FI",021449732741
SWTF18,"3/4"" I.D. SS FLEX WITH 3/4"" FI",021449732765
SWTF24,"3/4"" I.D. SS FLEX WITH 3/4"" FI",021449732789
T0612,"7/16"" O.D. SS FLEX WITH 7/8"" B",021449732802
T0712,"7/16"" O.D. SS FLEX WITH 7/8"" B",762210212122
T079,"7/16"" O.D. SS FLEX WITH 7/8"" B",762210212092
UPEXFXP118,"1"" I.D. SS FLEX WITH 1"" FIP X",762210107183
UPEXFXP18,"3/4"" I.D. SS FLEX WITH 3/4"" FI",021449732871
UPEXFXP24,"3/4"" I.D. SS FLEX WITH 3/4"" FI",021449732888
WHPA30,"AL WATER HEATER PAN 30"" - PVC",803492160951
WHPA20,"AL WATER HEATER PAN 20"" - PVC",803492160913
WHPA22,"AL WATER HEATER PAN 22"" - PVC",803492160920
WHPA24,"AL WATER HEATER PAN 24"" - PVC",803492160937
WHPA26,"AL WATER HEATER PAN 26"" - PVC",803492160944
WHPA20C,"AL WATER HEATER PAN 20"" - CPVC",021449748421
WHPA22C,"AL WATER HEATER PAN 22"" - CPVC",021449748438
WHPA24C,"AL WATER HEATER PAN 24"" - CPVC",021449748445
WHPA26C,"AL WATER HEATER PAN 26"" - CPVC",021449748452
WHPA30C,"AL WATER HEATER PAN 30"" - CPVC",021449748469
